{
  "resourceType" : "Bundle",
  "id" : "86368f26-0d4a-49ca-933c-3705899cbd9e",
  "meta" : {
    "lastUpdated" : "2020-03-31T08:44:59.040+02:00"
  },
  "type" : "collection",
  "entry" : [{
    "fullUrl" : "https://www.ehealth.fgov.be/standards/fhir/ValueSet/be-civilstate-value-set",
    "resource" : {
      "resourceType" : "ValueSet",
      "id" : "be-civilstate-value-set",
      "text" : {
        "status" : "generated",
        "div" : "<div xmlns=\"http://www.w3.org/1999/xhtml\"><p>This value set contains 17 concepts</p><p style=\"border: black 1px dotted; background-color: #EEEEEE; padding: 8px\">Expansion based on http://terminology.hl7.org/CodeSystem/v3-MaritalStatus version 2018-08-12, https://www.ehealth.fgov.be/standards/fhir/CodeSystem/Cdcivilstate version 0.1.0</p><table class=\"codes\"><tr><td style=\"white-space:nowrap\"><b>Code</b></td><td><b>System</b></td><td><b>Display</b></td><td><b>Definition</b></td></tr><tr><td style=\"white-space:nowrap\"><a name=\"http---terminology.hl7.org-CodeSystem-v3-MaritalStatus-A\"> </a><a href=\"http://hl7.org/fhir/R4/v3/MaritalStatus/cs.html#v3-MaritalStatus-A\">A</a></td><td>http://terminology.hl7.org/CodeSystem/v3-MaritalStatus</td><td>Annulled</td><td>Marriage contract has been declared null and to not have existed</td></tr><tr><td style=\"white-space:nowrap\"><a name=\"http---terminology.hl7.org-CodeSystem-v3-MaritalStatus-D\"> </a><a href=\"http://hl7.org/fhir/R4/v3/MaritalStatus/cs.html#v3-MaritalStatus-D\">D</a></td><td>http://terminology.hl7.org/CodeSystem/v3-MaritalStatus</td><td>Divorced</td><td>Marriage contract has been declared dissolved and inactive</td></tr><tr><td style=\"white-space:nowrap\"><a name=\"http---terminology.hl7.org-CodeSystem-v3-MaritalStatus-M\"> </a><a href=\"http://hl7.org/fhir/R4/v3/MaritalStatus/cs.html#v3-MaritalStatus-M\">M</a></td><td>http://terminology.hl7.org/CodeSystem/v3-MaritalStatus</td><td>Married</td><td>A current marriage contract is active</td></tr><tr><td style=\"white-space:nowrap\"><a name=\"http---terminology.hl7.org-CodeSystem-v3-MaritalStatus-U\"> </a><a href=\"http://hl7.org/fhir/R4/v3/MaritalStatus/cs.html#v3-MaritalStatus-U\">U</a></td><td>http://terminology.hl7.org/CodeSystem/v3-MaritalStatus</td><td>unmarried</td><td>Currently not in a marriage contract.</td></tr><tr><td style=\"white-space:nowrap\"><a name=\"http---terminology.hl7.org-CodeSystem-v3-MaritalStatus-W\"> </a><a href=\"http://hl7.org/fhir/R4/v3/MaritalStatus/cs.html#v3-MaritalStatus-W\">W</a></td><td>http://terminology.hl7.org/CodeSystem/v3-MaritalStatus</td><td>Widowed</td><td>The spouse has died</td></tr><tr><td style=\"white-space:nowrap\"><a name=\"https---www.ehealth.fgov.be-standards-fhir-CodeSystem-Cdcivilstate-10\"> </a><a href=\"Cdcivilstate.html#Cdcivilstate-10\">10</a></td><td>https://www.ehealth.fgov.be/standards/fhir/CodeSystem/Cdcivilstate</td><td>Unmarried</td><td/></tr><tr><td style=\"white-space:nowrap\"><a name=\"https---www.ehealth.fgov.be-standards-fhir-CodeSystem-Cdcivilstate-20\"> </a><a href=\"Cdcivilstate.html#Cdcivilstate-20\">20</a></td><td>https://www.ehealth.fgov.be/standards/fhir/CodeSystem/Cdcivilstate</td><td>Married</td><td/></tr><tr><td style=\"white-space:nowrap\"><a name=\"https---www.ehealth.fgov.be-standards-fhir-CodeSystem-Cdcivilstate-25\"> </a><a href=\"Cdcivilstate.html#Cdcivilstate-25\">25</a></td><td>https://www.ehealth.fgov.be/standards/fhir/CodeSystem/Cdcivilstate</td><td>Annuled</td><td/></tr><tr><td style=\"white-space:nowrap\"><a name=\"https---www.ehealth.fgov.be-standards-fhir-CodeSystem-Cdcivilstate-26\"> </a><a href=\"Cdcivilstate.html#Cdcivilstate-26\">26</a></td><td>https://www.ehealth.fgov.be/standards/fhir/CodeSystem/Cdcivilstate</td><td>Putative marriage</td><td/></tr><tr><td style=\"white-space:nowrap\"><a name=\"https---www.ehealth.fgov.be-standards-fhir-CodeSystem-Cdcivilstate-30\"> </a><a href=\"Cdcivilstate.html#Cdcivilstate-30\">30</a></td><td>https://www.ehealth.fgov.be/standards/fhir/CodeSystem/Cdcivilstate</td><td>Widowed</td><td/></tr><tr><td style=\"white-space:nowrap\"><a name=\"https---www.ehealth.fgov.be-standards-fhir-CodeSystem-Cdcivilstate-40\"> </a><a href=\"Cdcivilstate.html#Cdcivilstate-40\">40</a></td><td>https://www.ehealth.fgov.be/standards/fhir/CodeSystem/Cdcivilstate</td><td>Divorced</td><td/></tr><tr><td style=\"white-space:nowrap\"><a name=\"https---www.ehealth.fgov.be-standards-fhir-CodeSystem-Cdcivilstate-41\"> </a><a href=\"Cdcivilstate.html#Cdcivilstate-41\">41</a></td><td>https://www.ehealth.fgov.be/standards/fhir/CodeSystem/Cdcivilstate</td><td>Divorced since 1/10/1994</td><td/></tr><tr><td style=\"white-space:nowrap\"><a name=\"https---www.ehealth.fgov.be-standards-fhir-CodeSystem-Cdcivilstate-50\"> </a><a href=\"Cdcivilstate.html#Cdcivilstate-50\">50</a></td><td>https://www.ehealth.fgov.be/standards/fhir/CodeSystem/Cdcivilstate</td><td>Legal separation</td><td/></tr><tr><td style=\"white-space:nowrap\"><a name=\"https---www.ehealth.fgov.be-standards-fhir-CodeSystem-Cdcivilstate-51\"> </a><a href=\"Cdcivilstate.html#Cdcivilstate-51\">51</a></td><td>https://www.ehealth.fgov.be/standards/fhir/CodeSystem/Cdcivilstate</td><td>Legal separation since 1/10/1994</td><td/></tr><tr><td style=\"white-space:nowrap\"><a name=\"https---www.ehealth.fgov.be-standards-fhir-CodeSystem-Cdcivilstate-60\"> </a><a href=\"Cdcivilstate.html#Cdcivilstate-60\">60</a></td><td>https://www.ehealth.fgov.be/standards/fhir/CodeSystem/Cdcivilstate</td><td>Repudiation</td><td/></tr><tr><td style=\"white-space:nowrap\"><a name=\"https---www.ehealth.fgov.be-standards-fhir-CodeSystem-Cdcivilstate-80\"> </a><a href=\"Cdcivilstate.html#Cdcivilstate-80\">80</a></td><td>https://www.ehealth.fgov.be/standards/fhir/CodeSystem/Cdcivilstate</td><td>Partnership</td><td/></tr><tr><td style=\"white-space:nowrap\"><a name=\"https---www.ehealth.fgov.be-standards-fhir-CodeSystem-Cdcivilstate-81\"> </a><a href=\"Cdcivilstate.html#Cdcivilstate-81\">81</a></td><td>https://www.ehealth.fgov.be/standards/fhir/CodeSystem/Cdcivilstate</td><td>End of partnership</td><td/></tr></table></div>"
      },
      "url" : "https://www.ehealth.fgov.be/standards/fhir/ValueSet/be-civilstate-value-set",
      "version" : "0.1.0",
      "name" : "BeCivilState",
      "title" : "ValueSet civil state",
      "status" : "active",
      "date" : "2020-03-31T08:44:59+02:00",
      "publisher" : "eHealth Platform",
      "contact" : [{
        "name" : "Etienne Cantineau",
        "telecom" : [{
          "system" : "email",
          "value" : "etienne.cantineau@ehealth.fgov.be"
        }]
      }],
      "description" : "Codes supported by eHealth Platform differentiating types of civil state. This valueset supports the Belgian federal FHIR profiling effort. \nWhenever possible add a code from http://terminology.hl7.org/CodeSystem/v3-MaritalStatus for international interoperability but also use https://www.ehealth.fgov.be/standards/fhir/CodeSystem/CD-CIVILSTATE \nfor the Belgian specific code.",
      "expansion" : {
        "identifier" : "urn:uuid:fd07a5cf-82e9-41ef-9e6f-f746df0bc30e",
        "timestamp" : "2020-03-31T08:45:13+02:00",
        "total" : 17,
        "parameter" : [{
          "name" : "excludeNested",
          "valueBoolean" : false
        },
        {
          "name" : "version",
          "valueUri" : "http://terminology.hl7.org/CodeSystem/v3-MaritalStatus|2018-08-12"
        },
        {
          "name" : "version",
          "valueUri" : "https://www.ehealth.fgov.be/standards/fhir/CodeSystem/Cdcivilstate|0.1.0"
        }],
        "contains" : [{
          "system" : "http://terminology.hl7.org/CodeSystem/v3-MaritalStatus",
          "code" : "A",
          "display" : "Annulled"
        },
        {
          "system" : "http://terminology.hl7.org/CodeSystem/v3-MaritalStatus",
          "code" : "D",
          "display" : "Divorced"
        },
        {
          "system" : "http://terminology.hl7.org/CodeSystem/v3-MaritalStatus",
          "code" : "M",
          "display" : "Married"
        },
        {
          "system" : "http://terminology.hl7.org/CodeSystem/v3-MaritalStatus",
          "code" : "U",
          "display" : "unmarried"
        },
        {
          "system" : "http://terminology.hl7.org/CodeSystem/v3-MaritalStatus",
          "code" : "W",
          "display" : "Widowed"
        },
        {
          "system" : "https://www.ehealth.fgov.be/standards/fhir/CodeSystem/Cdcivilstate",
          "code" : "10",
          "display" : "Unmarried"
        },
        {
          "system" : "https://www.ehealth.fgov.be/standards/fhir/CodeSystem/Cdcivilstate",
          "code" : "20",
          "display" : "Married"
        },
        {
          "system" : "https://www.ehealth.fgov.be/standards/fhir/CodeSystem/Cdcivilstate",
          "code" : "25",
          "display" : "Annuled"
        },
        {
          "system" : "https://www.ehealth.fgov.be/standards/fhir/CodeSystem/Cdcivilstate",
          "code" : "26",
          "display" : "Putative marriage"
        },
        {
          "system" : "https://www.ehealth.fgov.be/standards/fhir/CodeSystem/Cdcivilstate",
          "code" : "30",
          "display" : "Widowed"
        },
        {
          "system" : "https://www.ehealth.fgov.be/standards/fhir/CodeSystem/Cdcivilstate",
          "code" : "40",
          "display" : "Divorced"
        },
        {
          "system" : "https://www.ehealth.fgov.be/standards/fhir/CodeSystem/Cdcivilstate",
          "code" : "41",
          "display" : "Divorced since 1/10/1994"
        },
        {
          "system" : "https://www.ehealth.fgov.be/standards/fhir/CodeSystem/Cdcivilstate",
          "code" : "50",
          "display" : "Legal separation"
        },
        {
          "system" : "https://www.ehealth.fgov.be/standards/fhir/CodeSystem/Cdcivilstate",
          "code" : "51",
          "display" : "Legal separation since 1/10/1994"
        },
        {
          "system" : "https://www.ehealth.fgov.be/standards/fhir/CodeSystem/Cdcivilstate",
          "code" : "60",
          "display" : "Repudiation"
        },
        {
          "system" : "https://www.ehealth.fgov.be/standards/fhir/CodeSystem/Cdcivilstate",
          "code" : "80",
          "display" : "Partnership"
        },
        {
          "system" : "https://www.ehealth.fgov.be/standards/fhir/CodeSystem/Cdcivilstate",
          "code" : "81",
          "display" : "End of partnership"
        }]
      }
    }
  },
  {
    "fullUrl" : "https://www.ehealth.fgov.be/standards/fhir/ValueSet/be-contactperson-value-set",
    "resource" : {
      "resourceType" : "ValueSet",
      "id" : "be-contactperson-value-set",
      "text" : {
        "status" : "generated",
        "div" : "<div xmlns=\"http://www.w3.org/1999/xhtml\"><p>This value set contains 30 concepts</p><p style=\"border: black 1px dotted; background-color: #EEEEEE; padding: 8px\">Expansion based on http://terminology.hl7.org/CodeSystem/v2-0131 version 2.9, https://www.ehealth.fgov.be/standards/fhir/CodeSystem/Cdcontactperson version 0.1.0</p><table class=\"codes\"><tr><td style=\"white-space:nowrap\"><b>Code</b></td><td><b>System</b></td><td><b>Display</b></td><td><b>Definition</b></td></tr><tr><td style=\"white-space:nowrap\"><a name=\"http---terminology.hl7.org-CodeSystem-v2-0131-C\"> </a><a href=\"http://hl7.org/fhir/R4/v2/0131/index.html#v2-0131-C\">C</a></td><td>http://terminology.hl7.org/CodeSystem/v2-0131</td><td>Emergency Contact</td><td/></tr><tr><td style=\"white-space:nowrap\"><a name=\"http---terminology.hl7.org-CodeSystem-v2-0131-E\"> </a><a href=\"http://hl7.org/fhir/R4/v2/0131/index.html#v2-0131-E\">E</a></td><td>http://terminology.hl7.org/CodeSystem/v2-0131</td><td>Employer</td><td/></tr><tr><td style=\"white-space:nowrap\"><a name=\"http---terminology.hl7.org-CodeSystem-v2-0131-F\"> </a><a href=\"http://hl7.org/fhir/R4/v2/0131/index.html#v2-0131-F\">F</a></td><td>http://terminology.hl7.org/CodeSystem/v2-0131</td><td>Federal Agency</td><td/></tr><tr><td style=\"white-space:nowrap\"><a name=\"http---terminology.hl7.org-CodeSystem-v2-0131-I\"> </a><a href=\"http://hl7.org/fhir/R4/v2/0131/index.html#v2-0131-I\">I</a></td><td>http://terminology.hl7.org/CodeSystem/v2-0131</td><td>Insurance Company</td><td/></tr><tr><td style=\"white-space:nowrap\"><a name=\"http---terminology.hl7.org-CodeSystem-v2-0131-N\"> </a><a href=\"http://hl7.org/fhir/R4/v2/0131/index.html#v2-0131-N\">N</a></td><td>http://terminology.hl7.org/CodeSystem/v2-0131</td><td>Next-of-Kin</td><td/></tr><tr><td style=\"white-space:nowrap\"><a name=\"http---terminology.hl7.org-CodeSystem-v2-0131-S\"> </a><a href=\"http://hl7.org/fhir/R4/v2/0131/index.html#v2-0131-S\">S</a></td><td>http://terminology.hl7.org/CodeSystem/v2-0131</td><td>State Agency</td><td/></tr><tr><td style=\"white-space:nowrap\"><a name=\"http---terminology.hl7.org-CodeSystem-v2-0131-U\"> </a><a href=\"http://hl7.org/fhir/R4/v2/0131/index.html#v2-0131-U\">U</a></td><td>http://terminology.hl7.org/CodeSystem/v2-0131</td><td>Unknown</td><td/></tr><tr><td style=\"white-space:nowrap\"><a name=\"https---www.ehealth.fgov.be-standards-fhir-CodeSystem-Cdcontactperson-father\"> </a><a href=\"Cdcontactperson.html#Cdcontactperson-father\">father</a></td><td>https://www.ehealth.fgov.be/standards/fhir/CodeSystem/Cdcontactperson</td><td>father</td><td/></tr><tr><td style=\"white-space:nowrap\"><a name=\"https---www.ehealth.fgov.be-standards-fhir-CodeSystem-Cdcontactperson-mother\"> </a><a href=\"Cdcontactperson.html#Cdcontactperson-mother\">mother</a></td><td>https://www.ehealth.fgov.be/standards/fhir/CodeSystem/Cdcontactperson</td><td>mother</td><td/></tr><tr><td style=\"white-space:nowrap\"><a name=\"https---www.ehealth.fgov.be-standards-fhir-CodeSystem-Cdcontactperson-child\"> </a><a href=\"Cdcontactperson.html#Cdcontactperson-child\">child</a></td><td>https://www.ehealth.fgov.be/standards/fhir/CodeSystem/Cdcontactperson</td><td>child</td><td/></tr><tr><td style=\"white-space:nowrap\"><a name=\"https---www.ehealth.fgov.be-standards-fhir-CodeSystem-Cdcontactperson-spouse\"> </a><a href=\"Cdcontactperson.html#Cdcontactperson-spouse\">spouse</a></td><td>https://www.ehealth.fgov.be/standards/fhir/CodeSystem/Cdcontactperson</td><td>spouse</td><td/></tr><tr><td style=\"white-space:nowrap\"><a name=\"https---www.ehealth.fgov.be-standards-fhir-CodeSystem-Cdcontactperson-husband\"> </a><a href=\"Cdcontactperson.html#Cdcontactperson-husband\">husband</a></td><td>https://www.ehealth.fgov.be/standards/fhir/CodeSystem/Cdcontactperson</td><td>husband</td><td/></tr><tr><td style=\"white-space:nowrap\"><a name=\"https---www.ehealth.fgov.be-standards-fhir-CodeSystem-Cdcontactperson-partner\"> </a><a href=\"Cdcontactperson.html#Cdcontactperson-partner\">partner</a></td><td>https://www.ehealth.fgov.be/standards/fhir/CodeSystem/Cdcontactperson</td><td>partner</td><td/></tr><tr><td style=\"white-space:nowrap\"><a name=\"https---www.ehealth.fgov.be-standards-fhir-CodeSystem-Cdcontactperson-brother\"> </a><a href=\"Cdcontactperson.html#Cdcontactperson-brother\">brother</a></td><td>https://www.ehealth.fgov.be/standards/fhir/CodeSystem/Cdcontactperson</td><td>brother</td><td/></tr><tr><td style=\"white-space:nowrap\"><a name=\"https---www.ehealth.fgov.be-standards-fhir-CodeSystem-Cdcontactperson-sister\"> </a><a href=\"Cdcontactperson.html#Cdcontactperson-sister\">sister</a></td><td>https://www.ehealth.fgov.be/standards/fhir/CodeSystem/Cdcontactperson</td><td>sister</td><td/></tr><tr><td style=\"white-space:nowrap\"><a name=\"https---www.ehealth.fgov.be-standards-fhir-CodeSystem-Cdcontactperson-brotherinlaw\"> </a><a href=\"Cdcontactperson.html#Cdcontactperson-brotherinlaw\">brotherinlaw</a></td><td>https://www.ehealth.fgov.be/standards/fhir/CodeSystem/Cdcontactperson</td><td>brotherinlaw</td><td/></tr><tr><td style=\"white-space:nowrap\"><a name=\"https---www.ehealth.fgov.be-standards-fhir-CodeSystem-Cdcontactperson-tutor\"> </a><a href=\"Cdcontactperson.html#Cdcontactperson-tutor\">tutor</a></td><td>https://www.ehealth.fgov.be/standards/fhir/CodeSystem/Cdcontactperson</td><td>tutor</td><td/></tr><tr><td style=\"white-space:nowrap\"><a name=\"https---www.ehealth.fgov.be-standards-fhir-CodeSystem-Cdcontactperson-notary\"> </a><a href=\"Cdcontactperson.html#Cdcontactperson-notary\">notary</a></td><td>https://www.ehealth.fgov.be/standards/fhir/CodeSystem/Cdcontactperson</td><td>notary</td><td/></tr><tr><td style=\"white-space:nowrap\"><a name=\"https---www.ehealth.fgov.be-standards-fhir-CodeSystem-Cdcontactperson-lawyer\"> </a><a href=\"Cdcontactperson.html#Cdcontactperson-lawyer\">lawyer</a></td><td>https://www.ehealth.fgov.be/standards/fhir/CodeSystem/Cdcontactperson</td><td>lawyer</td><td/></tr><tr><td style=\"white-space:nowrap\"><a name=\"https---www.ehealth.fgov.be-standards-fhir-CodeSystem-Cdcontactperson-employer\"> </a><a href=\"Cdcontactperson.html#Cdcontactperson-employer\">employer</a></td><td>https://www.ehealth.fgov.be/standards/fhir/CodeSystem/Cdcontactperson</td><td>employer</td><td/></tr><tr><td style=\"white-space:nowrap\"><a name=\"https---www.ehealth.fgov.be-standards-fhir-CodeSystem-Cdcontactperson-grandparent\"> </a><a href=\"Cdcontactperson.html#Cdcontactperson-grandparent\">grandparent</a></td><td>https://www.ehealth.fgov.be/standards/fhir/CodeSystem/Cdcontactperson</td><td>grandparent</td><td/></tr><tr><td style=\"white-space:nowrap\"><a name=\"https---www.ehealth.fgov.be-standards-fhir-CodeSystem-Cdcontactperson-son\"> </a><a href=\"Cdcontactperson.html#Cdcontactperson-son\">son</a></td><td>https://www.ehealth.fgov.be/standards/fhir/CodeSystem/Cdcontactperson</td><td>son</td><td/></tr><tr><td style=\"white-space:nowrap\"><a name=\"https---www.ehealth.fgov.be-standards-fhir-CodeSystem-Cdcontactperson-daughter\"> </a><a href=\"Cdcontactperson.html#Cdcontactperson-daughter\">daughter</a></td><td>https://www.ehealth.fgov.be/standards/fhir/CodeSystem/Cdcontactperson</td><td>daughter</td><td/></tr><tr><td style=\"white-space:nowrap\"><a name=\"https---www.ehealth.fgov.be-standards-fhir-CodeSystem-Cdcontactperson-grandchild\"> </a><a href=\"Cdcontactperson.html#Cdcontactperson-grandchild\">grandchild</a></td><td>https://www.ehealth.fgov.be/standards/fhir/CodeSystem/Cdcontactperson</td><td>grandchild</td><td/></tr><tr><td style=\"white-space:nowrap\"><a name=\"https---www.ehealth.fgov.be-standards-fhir-CodeSystem-Cdcontactperson-neighbour\"> </a><a href=\"Cdcontactperson.html#Cdcontactperson-neighbour\">neighbour</a></td><td>https://www.ehealth.fgov.be/standards/fhir/CodeSystem/Cdcontactperson</td><td>neighbour</td><td/></tr><tr><td style=\"white-space:nowrap\"><a name=\"https---www.ehealth.fgov.be-standards-fhir-CodeSystem-Cdcontactperson-stepson\"> </a><a href=\"Cdcontactperson.html#Cdcontactperson-stepson\">stepson</a></td><td>https://www.ehealth.fgov.be/standards/fhir/CodeSystem/Cdcontactperson</td><td>stepson</td><td/></tr><tr><td style=\"white-space:nowrap\"><a name=\"https---www.ehealth.fgov.be-standards-fhir-CodeSystem-Cdcontactperson-stepdaughter\"> </a><a href=\"Cdcontactperson.html#Cdcontactperson-stepdaughter\">stepdaughter</a></td><td>https://www.ehealth.fgov.be/standards/fhir/CodeSystem/Cdcontactperson</td><td>stepdaughter</td><td/></tr><tr><td style=\"white-space:nowrap\"><a name=\"https---www.ehealth.fgov.be-standards-fhir-CodeSystem-Cdcontactperson-stepfather\"> </a><a href=\"Cdcontactperson.html#Cdcontactperson-stepfather\">stepfather</a></td><td>https://www.ehealth.fgov.be/standards/fhir/CodeSystem/Cdcontactperson</td><td>stepfather</td><td/></tr><tr><td style=\"white-space:nowrap\"><a name=\"https---www.ehealth.fgov.be-standards-fhir-CodeSystem-Cdcontactperson-stepmother\"> </a><a href=\"Cdcontactperson.html#Cdcontactperson-stepmother\">stepmother</a></td><td>https://www.ehealth.fgov.be/standards/fhir/CodeSystem/Cdcontactperson</td><td>stepmother</td><td/></tr><tr><td style=\"white-space:nowrap\"><a name=\"https---www.ehealth.fgov.be-standards-fhir-CodeSystem-Cdcontactperson-sisterinlaw\"> </a><a href=\"Cdcontactperson.html#Cdcontactperson-sisterinlaw\">sisterinlaw</a></td><td>https://www.ehealth.fgov.be/standards/fhir/CodeSystem/Cdcontactperson</td><td>sisterinlaw</td><td/></tr></table></div>"
      },
      "url" : "https://www.ehealth.fgov.be/standards/fhir/ValueSet/be-contactperson-value-set",
      "version" : "0.1.0",
      "name" : "BeContactPerson",
      "title" : "ValueSet contact person",
      "status" : "active",
      "date" : "2020-03-31T08:44:59+02:00",
      "publisher" : "eHealth Platform",
      "contact" : [{
        "name" : "Etienne Cantineau",
        "telecom" : [{
          "system" : "email",
          "value" : "etienne.cantineau@ehealth.fgov.be"
        }]
      }],
      "description" : "Maximum valuest to define category of a contact person, using the HL7 values and the Belgian CD-CONTACT-PERSON values.",
      "expansion" : {
        "identifier" : "urn:uuid:d0aa6d02-8264-47a9-995a-0c382bfd9f85",
        "timestamp" : "2020-03-31T08:45:13+02:00",
        "total" : 30,
        "parameter" : [{
          "name" : "excludeNested",
          "valueBoolean" : false
        },
        {
          "name" : "version",
          "valueUri" : "http://terminology.hl7.org/CodeSystem/v2-0131|2.9"
        },
        {
          "name" : "version",
          "valueUri" : "https://www.ehealth.fgov.be/standards/fhir/CodeSystem/Cdcontactperson|0.1.0"
        }],
        "contains" : [{
          "system" : "http://terminology.hl7.org/CodeSystem/v2-0131",
          "code" : "C",
          "display" : "Emergency Contact"
        },
        {
          "system" : "http://terminology.hl7.org/CodeSystem/v2-0131",
          "code" : "E",
          "display" : "Employer"
        },
        {
          "system" : "http://terminology.hl7.org/CodeSystem/v2-0131",
          "code" : "F",
          "display" : "Federal Agency"
        },
        {
          "system" : "http://terminology.hl7.org/CodeSystem/v2-0131",
          "code" : "I",
          "display" : "Insurance Company"
        },
        {
          "system" : "http://terminology.hl7.org/CodeSystem/v2-0131",
          "code" : "N",
          "display" : "Next-of-Kin"
        },
        {
          "system" : "http://terminology.hl7.org/CodeSystem/v2-0131",
          "code" : "S",
          "display" : "State Agency"
        },
        {
          "system" : "http://terminology.hl7.org/CodeSystem/v2-0131",
          "code" : "U",
          "display" : "Unknown"
        },
        {
          "system" : "https://www.ehealth.fgov.be/standards/fhir/CodeSystem/Cdcontactperson",
          "code" : "father",
          "display" : "father"
        },
        {
          "system" : "https://www.ehealth.fgov.be/standards/fhir/CodeSystem/Cdcontactperson",
          "code" : "mother",
          "display" : "mother"
        },
        {
          "system" : "https://www.ehealth.fgov.be/standards/fhir/CodeSystem/Cdcontactperson",
          "code" : "child",
          "display" : "child"
        },
        {
          "system" : "https://www.ehealth.fgov.be/standards/fhir/CodeSystem/Cdcontactperson",
          "code" : "spouse",
          "display" : "spouse"
        },
        {
          "system" : "https://www.ehealth.fgov.be/standards/fhir/CodeSystem/Cdcontactperson",
          "code" : "husband",
          "display" : "husband"
        },
        {
          "system" : "https://www.ehealth.fgov.be/standards/fhir/CodeSystem/Cdcontactperson",
          "code" : "partner",
          "display" : "partner"
        },
        {
          "system" : "https://www.ehealth.fgov.be/standards/fhir/CodeSystem/Cdcontactperson",
          "code" : "brother",
          "display" : "brother"
        },
        {
          "system" : "https://www.ehealth.fgov.be/standards/fhir/CodeSystem/Cdcontactperson",
          "code" : "sister",
          "display" : "sister"
        },
        {
          "system" : "https://www.ehealth.fgov.be/standards/fhir/CodeSystem/Cdcontactperson",
          "code" : "brotherinlaw",
          "display" : "brotherinlaw"
        },
        {
          "system" : "https://www.ehealth.fgov.be/standards/fhir/CodeSystem/Cdcontactperson",
          "code" : "tutor",
          "display" : "tutor"
        },
        {
          "system" : "https://www.ehealth.fgov.be/standards/fhir/CodeSystem/Cdcontactperson",
          "code" : "notary",
          "display" : "notary"
        },
        {
          "system" : "https://www.ehealth.fgov.be/standards/fhir/CodeSystem/Cdcontactperson",
          "code" : "lawyer",
          "display" : "lawyer"
        },
        {
          "system" : "https://www.ehealth.fgov.be/standards/fhir/CodeSystem/Cdcontactperson",
          "code" : "employer",
          "display" : "employer"
        },
        {
          "system" : "https://www.ehealth.fgov.be/standards/fhir/CodeSystem/Cdcontactperson",
          "code" : "grandparent",
          "display" : "grandparent"
        },
        {
          "system" : "https://www.ehealth.fgov.be/standards/fhir/CodeSystem/Cdcontactperson",
          "code" : "son",
          "display" : "son"
        },
        {
          "system" : "https://www.ehealth.fgov.be/standards/fhir/CodeSystem/Cdcontactperson",
          "code" : "daughter",
          "display" : "daughter"
        },
        {
          "system" : "https://www.ehealth.fgov.be/standards/fhir/CodeSystem/Cdcontactperson",
          "code" : "grandchild",
          "display" : "grandchild"
        },
        {
          "system" : "https://www.ehealth.fgov.be/standards/fhir/CodeSystem/Cdcontactperson",
          "code" : "neighbour",
          "display" : "neighbour"
        },
        {
          "system" : "https://www.ehealth.fgov.be/standards/fhir/CodeSystem/Cdcontactperson",
          "code" : "stepson",
          "display" : "stepson"
        },
        {
          "system" : "https://www.ehealth.fgov.be/standards/fhir/CodeSystem/Cdcontactperson",
          "code" : "stepdaughter",
          "display" : "stepdaughter"
        },
        {
          "system" : "https://www.ehealth.fgov.be/standards/fhir/CodeSystem/Cdcontactperson",
          "code" : "stepfather",
          "display" : "stepfather"
        },
        {
          "system" : "https://www.ehealth.fgov.be/standards/fhir/CodeSystem/Cdcontactperson",
          "code" : "stepmother",
          "display" : "stepmother"
        },
        {
          "system" : "https://www.ehealth.fgov.be/standards/fhir/CodeSystem/Cdcontactperson",
          "code" : "sisterinlaw",
          "display" : "sisterinlaw"
        }]
      }
    }
  },
  {
    "fullUrl" : "https://www.ehealth.fgov.be/standards/fhir/ValueSet/be-beproductorservice-value-set",
    "resource" : {
      "resourceType" : "ValueSet",
      "id" : "be-beproductorservice-value-set",
      "text" : {
        "status" : "generated",
        "div" : "<div xmlns=\"http://www.w3.org/1999/xhtml\"><p>This value set contains 0 concepts</p><p style=\"border: black 1px dotted; background-color: #EEEEEE; padding: 8px\">Expansion based on https://www.ehealth.fgov.be/standards/fhir/CodeSystem/NIHDILegalPhysiotherapyFa version 0.1.0</p><table class=\"codes\"><tr><td style=\"white-space:nowrap\"><b>Code</b></td><td><b>System</b></td><td><b>Display</b></td></tr></table></div>"
      },
      "url" : "https://www.ehealth.fgov.be/standards/fhir/ValueSet/be-beproductorservice-value-set",
      "version" : "0.1.0",
      "name" : "BeProductorServiceNihdiEAgreement",
      "title" : "ValueSet productor service",
      "status" : "active",
      "date" : "2020-03-31T08:44:59+02:00",
      "publisher" : "eHealth Platform",
      "contact" : [{
        "name" : "Etienne Cantineau",
        "telecom" : [{
          "system" : "email",
          "value" : "etienne.cantineau@ehealth.fgov.be"
        }]
      }],
      "description" : "NIHDI codes for use to describe eAgreement products or services in the MyCareNet eAgreement flows.",
      "expansion" : {
        "identifier" : "urn:uuid:5c5eaae5-4af4-43c3-829b-3b00acc4f157",
        "timestamp" : "2020-03-31T08:45:13+02:00",
        "parameter" : [{
          "name" : "excludeNested",
          "valueBoolean" : false
        },
        {
          "name" : "version",
          "valueUri" : "https://www.ehealth.fgov.be/standards/fhir/CodeSystem/NIHDILegalPhysiotherapyFa|0.1.0"
        }]
      }
    }
  }]
}