<?xml version="1.0" encoding="UTF-8"?>

<Bundle xmlns="http://hl7.org/fhir">
  <id value="14941bb6-3850-4f53-ba1a-e2532eaf82e3"/>
  <meta>
    <lastUpdated value="2020-04-08T08:33:16.244+02:00"/>
  </meta>
  <type value="collection"/>
  <entry>
    <fullUrl value="https://www.ehealth.fgov.be/standards/fhir/ValueSet/be-civilstate"/>
    <resource>
      <ValueSet>
        <id value="be-civilstate"/>
        <text>
          <status value="generated"/>
          <div xmlns="http://www.w3.org/1999/xhtml">
            <p>This value set contains 17 concepts</p>
            <p style="border: black 1px dotted; background-color: #EEEEEE; padding: 8px"/>Expansion based on http://terminology.hl7.org/CodeSystem/v3-MaritalStatus version 2018-08-12
            <br/>Expansion based on https://www.ehealth.fgov.be/standards/fhir/CodeSystem/cd-civilstate version 1.0.0, http://terminology.hl7.org/CodeSystem/v3-MaritalStatus version 2018-08-12
            <table class="codes">
              <tr>
                <td style="white-space:nowrap">
                  <b>Code</b>
                </td>
                <td>
                  <b>System</b>
                </td>
                <td>
                  <b>Display</b>
                </td>
                <td>
                  <b>Definition</b>
                </td>
              </tr>
              <tr>
                <td style="white-space:nowrap">
                  <a name="http---terminology.hl7.org-CodeSystem-v3-MaritalStatus-A"> </a>
                  <a href="http://hl7.org/fhir/R4/v3/MaritalStatus/cs.html#v3-MaritalStatus-A">A</a>
                </td>
                <td>http://terminology.hl7.org/CodeSystem/v3-MaritalStatus</td>
                <td>Annulled</td>
                <td>Marriage contract has been declared null and to not have existed</td>
              </tr>
              <tr>
                <td style="white-space:nowrap">
                  <a name="http---terminology.hl7.org-CodeSystem-v3-MaritalStatus-D"> </a>
                  <a href="http://hl7.org/fhir/R4/v3/MaritalStatus/cs.html#v3-MaritalStatus-D">D</a>
                </td>
                <td>http://terminology.hl7.org/CodeSystem/v3-MaritalStatus</td>
                <td>Divorced</td>
                <td>Marriage contract has been declared dissolved and inactive</td>
              </tr>
              <tr>
                <td style="white-space:nowrap">
                  <a name="http---terminology.hl7.org-CodeSystem-v3-MaritalStatus-M"> </a>
                  <a href="http://hl7.org/fhir/R4/v3/MaritalStatus/cs.html#v3-MaritalStatus-M">M</a>
                </td>
                <td>http://terminology.hl7.org/CodeSystem/v3-MaritalStatus</td>
                <td>Married</td>
                <td>A current marriage contract is active</td>
              </tr>
              <tr>
                <td style="white-space:nowrap">
                  <a name="http---terminology.hl7.org-CodeSystem-v3-MaritalStatus-U"> </a>
                  <a href="http://hl7.org/fhir/R4/v3/MaritalStatus/cs.html#v3-MaritalStatus-U">U</a>
                </td>
                <td>http://terminology.hl7.org/CodeSystem/v3-MaritalStatus</td>
                <td>unmarried</td>
                <td>Currently not in a marriage contract.</td>
              </tr>
              <tr>
                <td style="white-space:nowrap">
                  <a name="http---terminology.hl7.org-CodeSystem-v3-MaritalStatus-W"> </a>
                  <a href="http://hl7.org/fhir/R4/v3/MaritalStatus/cs.html#v3-MaritalStatus-W">W</a>
                </td>
                <td>http://terminology.hl7.org/CodeSystem/v3-MaritalStatus</td>
                <td>Widowed</td>
                <td>The spouse has died</td>
              </tr>
              <tr>
                <td style="white-space:nowrap">
                  <a name="https---www.ehealth.fgov.be-standards-fhir-CodeSystem-cd-civilstate-10"> </a>
                  <a href="CodeSystem-cd-civilstate.html#cd-civilstate-10">10</a>
                </td>
                <td>https://www.ehealth.fgov.be/standards/fhir/CodeSystem/cd-civilstate</td>
                <td>Unmarried</td>
                <td/>
              </tr>
              <tr>
                <td style="white-space:nowrap">
                  <a name="https---www.ehealth.fgov.be-standards-fhir-CodeSystem-cd-civilstate-20"> </a>
                  <a href="CodeSystem-cd-civilstate.html#cd-civilstate-20">20</a>
                </td>
                <td>https://www.ehealth.fgov.be/standards/fhir/CodeSystem/cd-civilstate</td>
                <td>Married</td>
                <td/>
              </tr>
              <tr>
                <td style="white-space:nowrap">
                  <a name="https---www.ehealth.fgov.be-standards-fhir-CodeSystem-cd-civilstate-25"> </a>
                  <a href="CodeSystem-cd-civilstate.html#cd-civilstate-25">25</a>
                </td>
                <td>https://www.ehealth.fgov.be/standards/fhir/CodeSystem/cd-civilstate</td>
                <td>Annuled</td>
                <td/>
              </tr>
              <tr>
                <td style="white-space:nowrap">
                  <a name="https---www.ehealth.fgov.be-standards-fhir-CodeSystem-cd-civilstate-26"> </a>
                  <a href="CodeSystem-cd-civilstate.html#cd-civilstate-26">26</a>
                </td>
                <td>https://www.ehealth.fgov.be/standards/fhir/CodeSystem/cd-civilstate</td>
                <td>Putative marriage</td>
                <td/>
              </tr>
              <tr>
                <td style="white-space:nowrap">
                  <a name="https---www.ehealth.fgov.be-standards-fhir-CodeSystem-cd-civilstate-30"> </a>
                  <a href="CodeSystem-cd-civilstate.html#cd-civilstate-30">30</a>
                </td>
                <td>https://www.ehealth.fgov.be/standards/fhir/CodeSystem/cd-civilstate</td>
                <td>Widowed</td>
                <td/>
              </tr>
              <tr>
                <td style="white-space:nowrap">
                  <a name="https---www.ehealth.fgov.be-standards-fhir-CodeSystem-cd-civilstate-40"> </a>
                  <a href="CodeSystem-cd-civilstate.html#cd-civilstate-40">40</a>
                </td>
                <td>https://www.ehealth.fgov.be/standards/fhir/CodeSystem/cd-civilstate</td>
                <td>Divorced</td>
                <td/>
              </tr>
              <tr>
                <td style="white-space:nowrap">
                  <a name="https---www.ehealth.fgov.be-standards-fhir-CodeSystem-cd-civilstate-41"> </a>
                  <a href="CodeSystem-cd-civilstate.html#cd-civilstate-41">41</a>
                </td>
                <td>https://www.ehealth.fgov.be/standards/fhir/CodeSystem/cd-civilstate</td>
                <td>Divorced since 1/10/1994</td>
                <td/>
              </tr>
              <tr>
                <td style="white-space:nowrap">
                  <a name="https---www.ehealth.fgov.be-standards-fhir-CodeSystem-cd-civilstate-50"> </a>
                  <a href="CodeSystem-cd-civilstate.html#cd-civilstate-50">50</a>
                </td>
                <td>https://www.ehealth.fgov.be/standards/fhir/CodeSystem/cd-civilstate</td>
                <td>Legal separation</td>
                <td/>
              </tr>
              <tr>
                <td style="white-space:nowrap">
                  <a name="https---www.ehealth.fgov.be-standards-fhir-CodeSystem-cd-civilstate-51"> </a>
                  <a href="CodeSystem-cd-civilstate.html#cd-civilstate-51">51</a>
                </td>
                <td>https://www.ehealth.fgov.be/standards/fhir/CodeSystem/cd-civilstate</td>
                <td>Legal separation since 1/10/1994</td>
                <td/>
              </tr>
              <tr>
                <td style="white-space:nowrap">
                  <a name="https---www.ehealth.fgov.be-standards-fhir-CodeSystem-cd-civilstate-60"> </a>
                  <a href="CodeSystem-cd-civilstate.html#cd-civilstate-60">60</a>
                </td>
                <td>https://www.ehealth.fgov.be/standards/fhir/CodeSystem/cd-civilstate</td>
                <td>Repudiation</td>
                <td/>
              </tr>
              <tr>
                <td style="white-space:nowrap">
                  <a name="https---www.ehealth.fgov.be-standards-fhir-CodeSystem-cd-civilstate-80"> </a>
                  <a href="CodeSystem-cd-civilstate.html#cd-civilstate-80">80</a>
                </td>
                <td>https://www.ehealth.fgov.be/standards/fhir/CodeSystem/cd-civilstate</td>
                <td>Partnership</td>
                <td/>
              </tr>
              <tr>
                <td style="white-space:nowrap">
                  <a name="https---www.ehealth.fgov.be-standards-fhir-CodeSystem-cd-civilstate-81"> </a>
                  <a href="CodeSystem-cd-civilstate.html#cd-civilstate-81">81</a>
                </td>
                <td>https://www.ehealth.fgov.be/standards/fhir/CodeSystem/cd-civilstate</td>
                <td>End of partnership</td>
                <td/>
              </tr>
            </table>
          </div>
        </text>
        <url value="https://www.ehealth.fgov.be/standards/fhir/ValueSet/be-civilstate"/>
        <version value="1.0.0"/>
        <name value="BeCivilState"/>
        <title value="ValueSet civil state"/>
        <status value="active"/>
        <date value="2020-04-08T08:33:16+02:00"/>
        <publisher value="eHealth Platform"/>
        <contact>
          <name value="Etienne Cantineau"/>
          <telecom>
            <system value="email"/>
            <value value="etienne.cantineau@ehealth.fgov.be"/>
          </telecom>
        </contact>
        <description value="Codes supported by eHealth Platform differentiating types of civil state. This valueset supports the Belgian federal FHIR profiling effort. &#xA;Whenever possible add a code from http://terminology.hl7.org/CodeSystem/v3-MaritalStatus for international interoperability but also use https://www.ehealth.fgov.be/standards/fhir/CodeSystem/CD-CIVILSTATE &#xA;for the Belgian specific code."/>
        <expansion>
          <identifier value="urn:uuid:2fd51e37-4b9d-443f-bf89-b09efaac1032"/>
          <timestamp value="2020-04-08T08:33:30+02:00"/>
          <total value="17"/>
          <parameter>
            <name value="excludeNested"/>
            <valueBoolean value="false"/>
          </parameter>
          <parameter>
            <name value="version"/>
            <valueUri value="http://terminology.hl7.org/CodeSystem/v3-MaritalStatus|2018-08-12"/>
          </parameter>
          <parameter>
            <name value="version"/>
            <valueUri value="https://www.ehealth.fgov.be/standards/fhir/CodeSystem/cd-civilstate|1.0.0"/>
          </parameter>
          <contains>
            <system value="http://terminology.hl7.org/CodeSystem/v3-MaritalStatus"/>
            <code value="A"/>
            <display value="Annulled"/>
          </contains>
          <contains>
            <system value="http://terminology.hl7.org/CodeSystem/v3-MaritalStatus"/>
            <code value="D"/>
            <display value="Divorced"/>
          </contains>
          <contains>
            <system value="http://terminology.hl7.org/CodeSystem/v3-MaritalStatus"/>
            <code value="M"/>
            <display value="Married"/>
          </contains>
          <contains>
            <system value="http://terminology.hl7.org/CodeSystem/v3-MaritalStatus"/>
            <code value="U"/>
            <display value="unmarried"/>
          </contains>
          <contains>
            <system value="http://terminology.hl7.org/CodeSystem/v3-MaritalStatus"/>
            <code value="W"/>
            <display value="Widowed"/>
          </contains>
          <contains>
            <system value="https://www.ehealth.fgov.be/standards/fhir/CodeSystem/cd-civilstate"/>
            <code value="10"/>
            <display value="Unmarried"/>
          </contains>
          <contains>
            <system value="https://www.ehealth.fgov.be/standards/fhir/CodeSystem/cd-civilstate"/>
            <code value="20"/>
            <display value="Married"/>
          </contains>
          <contains>
            <system value="https://www.ehealth.fgov.be/standards/fhir/CodeSystem/cd-civilstate"/>
            <code value="25"/>
            <display value="Annuled"/>
          </contains>
          <contains>
            <system value="https://www.ehealth.fgov.be/standards/fhir/CodeSystem/cd-civilstate"/>
            <code value="26"/>
            <display value="Putative marriage"/>
          </contains>
          <contains>
            <system value="https://www.ehealth.fgov.be/standards/fhir/CodeSystem/cd-civilstate"/>
            <code value="30"/>
            <display value="Widowed"/>
          </contains>
          <contains>
            <system value="https://www.ehealth.fgov.be/standards/fhir/CodeSystem/cd-civilstate"/>
            <code value="40"/>
            <display value="Divorced"/>
          </contains>
          <contains>
            <system value="https://www.ehealth.fgov.be/standards/fhir/CodeSystem/cd-civilstate"/>
            <code value="41"/>
            <display value="Divorced since 1/10/1994"/>
          </contains>
          <contains>
            <system value="https://www.ehealth.fgov.be/standards/fhir/CodeSystem/cd-civilstate"/>
            <code value="50"/>
            <display value="Legal separation"/>
          </contains>
          <contains>
            <system value="https://www.ehealth.fgov.be/standards/fhir/CodeSystem/cd-civilstate"/>
            <code value="51"/>
            <display value="Legal separation since 1/10/1994"/>
          </contains>
          <contains>
            <system value="https://www.ehealth.fgov.be/standards/fhir/CodeSystem/cd-civilstate"/>
            <code value="60"/>
            <display value="Repudiation"/>
          </contains>
          <contains>
            <system value="https://www.ehealth.fgov.be/standards/fhir/CodeSystem/cd-civilstate"/>
            <code value="80"/>
            <display value="Partnership"/>
          </contains>
          <contains>
            <system value="https://www.ehealth.fgov.be/standards/fhir/CodeSystem/cd-civilstate"/>
            <code value="81"/>
            <display value="End of partnership"/>
          </contains>
        </expansion>
      </ValueSet>
    </resource>
  </entry>
  <entry>
    <fullUrl value="https://www.ehealth.fgov.be/standards/fhir/ValueSet/be-contactperson"/>
    <resource>
      <ValueSet>
        <id value="be-contactperson"/>
        <text>
          <status value="generated"/>
          <div xmlns="http://www.w3.org/1999/xhtml">
            <p>This value set contains 30 concepts</p>
            <p style="border: black 1px dotted; background-color: #EEEEEE; padding: 8px"/>Expansion based on http://terminology.hl7.org/CodeSystem/v2-0131 version 2.9
            <br/>Expansion based on https://www.ehealth.fgov.be/standards/fhir/CodeSystem/cd-contact-person version 1.0.0, http://terminology.hl7.org/CodeSystem/v2-0131 version 2.9
            <table class="codes">
              <tr>
                <td style="white-space:nowrap">
                  <b>Code</b>
                </td>
                <td>
                  <b>System</b>
                </td>
                <td>
                  <b>Display</b>
                </td>
                <td>
                  <b>Definition</b>
                </td>
              </tr>
              <tr>
                <td style="white-space:nowrap">
                  <a name="http---terminology.hl7.org-CodeSystem-v2-0131-C"> </a>
                  <a href="http://hl7.org/fhir/R4/v2/0131/index.html#v2-0131-C">C</a>
                </td>
                <td>http://terminology.hl7.org/CodeSystem/v2-0131</td>
                <td>Emergency Contact</td>
                <td/>
              </tr>
              <tr>
                <td style="white-space:nowrap">
                  <a name="http---terminology.hl7.org-CodeSystem-v2-0131-E"> </a>
                  <a href="http://hl7.org/fhir/R4/v2/0131/index.html#v2-0131-E">E</a>
                </td>
                <td>http://terminology.hl7.org/CodeSystem/v2-0131</td>
                <td>Employer</td>
                <td/>
              </tr>
              <tr>
                <td style="white-space:nowrap">
                  <a name="http---terminology.hl7.org-CodeSystem-v2-0131-F"> </a>
                  <a href="http://hl7.org/fhir/R4/v2/0131/index.html#v2-0131-F">F</a>
                </td>
                <td>http://terminology.hl7.org/CodeSystem/v2-0131</td>
                <td>Federal Agency</td>
                <td/>
              </tr>
              <tr>
                <td style="white-space:nowrap">
                  <a name="http---terminology.hl7.org-CodeSystem-v2-0131-I"> </a>
                  <a href="http://hl7.org/fhir/R4/v2/0131/index.html#v2-0131-I">I</a>
                </td>
                <td>http://terminology.hl7.org/CodeSystem/v2-0131</td>
                <td>Insurance Company</td>
                <td/>
              </tr>
              <tr>
                <td style="white-space:nowrap">
                  <a name="http---terminology.hl7.org-CodeSystem-v2-0131-N"> </a>
                  <a href="http://hl7.org/fhir/R4/v2/0131/index.html#v2-0131-N">N</a>
                </td>
                <td>http://terminology.hl7.org/CodeSystem/v2-0131</td>
                <td>Next-of-Kin</td>
                <td/>
              </tr>
              <tr>
                <td style="white-space:nowrap">
                  <a name="http---terminology.hl7.org-CodeSystem-v2-0131-S"> </a>
                  <a href="http://hl7.org/fhir/R4/v2/0131/index.html#v2-0131-S">S</a>
                </td>
                <td>http://terminology.hl7.org/CodeSystem/v2-0131</td>
                <td>State Agency</td>
                <td/>
              </tr>
              <tr>
                <td style="white-space:nowrap">
                  <a name="http---terminology.hl7.org-CodeSystem-v2-0131-U"> </a>
                  <a href="http://hl7.org/fhir/R4/v2/0131/index.html#v2-0131-U">U</a>
                </td>
                <td>http://terminology.hl7.org/CodeSystem/v2-0131</td>
                <td>Unknown</td>
                <td/>
              </tr>
              <tr>
                <td style="white-space:nowrap">
                  <a name="https---www.ehealth.fgov.be-standards-fhir-CodeSystem-cd-contact-person-father"> </a>
                  <a href="CodeSystem-cd-contact-person.html#cd-contact-person-father">father</a>
                </td>
                <td>https://www.ehealth.fgov.be/standards/fhir/CodeSystem/cd-contact-person</td>
                <td>father</td>
                <td/>
              </tr>
              <tr>
                <td style="white-space:nowrap">
                  <a name="https---www.ehealth.fgov.be-standards-fhir-CodeSystem-cd-contact-person-mother"> </a>
                  <a href="CodeSystem-cd-contact-person.html#cd-contact-person-mother">mother</a>
                </td>
                <td>https://www.ehealth.fgov.be/standards/fhir/CodeSystem/cd-contact-person</td>
                <td>mother</td>
                <td/>
              </tr>
              <tr>
                <td style="white-space:nowrap">
                  <a name="https---www.ehealth.fgov.be-standards-fhir-CodeSystem-cd-contact-person-child"> </a>
                  <a href="CodeSystem-cd-contact-person.html#cd-contact-person-child">child</a>
                </td>
                <td>https://www.ehealth.fgov.be/standards/fhir/CodeSystem/cd-contact-person</td>
                <td>child</td>
                <td/>
              </tr>
              <tr>
                <td style="white-space:nowrap">
                  <a name="https---www.ehealth.fgov.be-standards-fhir-CodeSystem-cd-contact-person-spouse"> </a>
                  <a href="CodeSystem-cd-contact-person.html#cd-contact-person-spouse">spouse</a>
                </td>
                <td>https://www.ehealth.fgov.be/standards/fhir/CodeSystem/cd-contact-person</td>
                <td>spouse</td>
                <td/>
              </tr>
              <tr>
                <td style="white-space:nowrap">
                  <a name="https---www.ehealth.fgov.be-standards-fhir-CodeSystem-cd-contact-person-husband"> </a>
                  <a href="CodeSystem-cd-contact-person.html#cd-contact-person-husband">husband</a>
                </td>
                <td>https://www.ehealth.fgov.be/standards/fhir/CodeSystem/cd-contact-person</td>
                <td>husband</td>
                <td/>
              </tr>
              <tr>
                <td style="white-space:nowrap">
                  <a name="https---www.ehealth.fgov.be-standards-fhir-CodeSystem-cd-contact-person-partner"> </a>
                  <a href="CodeSystem-cd-contact-person.html#cd-contact-person-partner">partner</a>
                </td>
                <td>https://www.ehealth.fgov.be/standards/fhir/CodeSystem/cd-contact-person</td>
                <td>partner</td>
                <td/>
              </tr>
              <tr>
                <td style="white-space:nowrap">
                  <a name="https---www.ehealth.fgov.be-standards-fhir-CodeSystem-cd-contact-person-brother"> </a>
                  <a href="CodeSystem-cd-contact-person.html#cd-contact-person-brother">brother</a>
                </td>
                <td>https://www.ehealth.fgov.be/standards/fhir/CodeSystem/cd-contact-person</td>
                <td>brother</td>
                <td/>
              </tr>
              <tr>
                <td style="white-space:nowrap">
                  <a name="https---www.ehealth.fgov.be-standards-fhir-CodeSystem-cd-contact-person-sister"> </a>
                  <a href="CodeSystem-cd-contact-person.html#cd-contact-person-sister">sister</a>
                </td>
                <td>https://www.ehealth.fgov.be/standards/fhir/CodeSystem/cd-contact-person</td>
                <td>sister</td>
                <td/>
              </tr>
              <tr>
                <td style="white-space:nowrap">
                  <a name="https---www.ehealth.fgov.be-standards-fhir-CodeSystem-cd-contact-person-brotherinlaw"> </a>
                  <a href="CodeSystem-cd-contact-person.html#cd-contact-person-brotherinlaw">brotherinlaw</a>
                </td>
                <td>https://www.ehealth.fgov.be/standards/fhir/CodeSystem/cd-contact-person</td>
                <td>brotherinlaw</td>
                <td/>
              </tr>
              <tr>
                <td style="white-space:nowrap">
                  <a name="https---www.ehealth.fgov.be-standards-fhir-CodeSystem-cd-contact-person-tutor"> </a>
                  <a href="CodeSystem-cd-contact-person.html#cd-contact-person-tutor">tutor</a>
                </td>
                <td>https://www.ehealth.fgov.be/standards/fhir/CodeSystem/cd-contact-person</td>
                <td>tutor</td>
                <td/>
              </tr>
              <tr>
                <td style="white-space:nowrap">
                  <a name="https---www.ehealth.fgov.be-standards-fhir-CodeSystem-cd-contact-person-notary"> </a>
                  <a href="CodeSystem-cd-contact-person.html#cd-contact-person-notary">notary</a>
                </td>
                <td>https://www.ehealth.fgov.be/standards/fhir/CodeSystem/cd-contact-person</td>
                <td>notary</td>
                <td/>
              </tr>
              <tr>
                <td style="white-space:nowrap">
                  <a name="https---www.ehealth.fgov.be-standards-fhir-CodeSystem-cd-contact-person-lawyer"> </a>
                  <a href="CodeSystem-cd-contact-person.html#cd-contact-person-lawyer">lawyer</a>
                </td>
                <td>https://www.ehealth.fgov.be/standards/fhir/CodeSystem/cd-contact-person</td>
                <td>lawyer</td>
                <td/>
              </tr>
              <tr>
                <td style="white-space:nowrap">
                  <a name="https---www.ehealth.fgov.be-standards-fhir-CodeSystem-cd-contact-person-employer"> </a>
                  <a href="CodeSystem-cd-contact-person.html#cd-contact-person-employer">employer</a>
                </td>
                <td>https://www.ehealth.fgov.be/standards/fhir/CodeSystem/cd-contact-person</td>
                <td>employer</td>
                <td/>
              </tr>
              <tr>
                <td style="white-space:nowrap">
                  <a name="https---www.ehealth.fgov.be-standards-fhir-CodeSystem-cd-contact-person-grandparent"> </a>
                  <a href="CodeSystem-cd-contact-person.html#cd-contact-person-grandparent">grandparent</a>
                </td>
                <td>https://www.ehealth.fgov.be/standards/fhir/CodeSystem/cd-contact-person</td>
                <td>grandparent</td>
                <td/>
              </tr>
              <tr>
                <td style="white-space:nowrap">
                  <a name="https---www.ehealth.fgov.be-standards-fhir-CodeSystem-cd-contact-person-son"> </a>
                  <a href="CodeSystem-cd-contact-person.html#cd-contact-person-son">son</a>
                </td>
                <td>https://www.ehealth.fgov.be/standards/fhir/CodeSystem/cd-contact-person</td>
                <td>son</td>
                <td/>
              </tr>
              <tr>
                <td style="white-space:nowrap">
                  <a name="https---www.ehealth.fgov.be-standards-fhir-CodeSystem-cd-contact-person-daughter"> </a>
                  <a href="CodeSystem-cd-contact-person.html#cd-contact-person-daughter">daughter</a>
                </td>
                <td>https://www.ehealth.fgov.be/standards/fhir/CodeSystem/cd-contact-person</td>
                <td>daughter</td>
                <td/>
              </tr>
              <tr>
                <td style="white-space:nowrap">
                  <a name="https---www.ehealth.fgov.be-standards-fhir-CodeSystem-cd-contact-person-grandchild"> </a>
                  <a href="CodeSystem-cd-contact-person.html#cd-contact-person-grandchild">grandchild</a>
                </td>
                <td>https://www.ehealth.fgov.be/standards/fhir/CodeSystem/cd-contact-person</td>
                <td>grandchild</td>
                <td/>
              </tr>
              <tr>
                <td style="white-space:nowrap">
                  <a name="https---www.ehealth.fgov.be-standards-fhir-CodeSystem-cd-contact-person-neighbour"> </a>
                  <a href="CodeSystem-cd-contact-person.html#cd-contact-person-neighbour">neighbour</a>
                </td>
                <td>https://www.ehealth.fgov.be/standards/fhir/CodeSystem/cd-contact-person</td>
                <td>neighbour</td>
                <td/>
              </tr>
              <tr>
                <td style="white-space:nowrap">
                  <a name="https---www.ehealth.fgov.be-standards-fhir-CodeSystem-cd-contact-person-stepson"> </a>
                  <a href="CodeSystem-cd-contact-person.html#cd-contact-person-stepson">stepson</a>
                </td>
                <td>https://www.ehealth.fgov.be/standards/fhir/CodeSystem/cd-contact-person</td>
                <td>stepson</td>
                <td/>
              </tr>
              <tr>
                <td style="white-space:nowrap">
                  <a name="https---www.ehealth.fgov.be-standards-fhir-CodeSystem-cd-contact-person-stepdaughter"> </a>
                  <a href="CodeSystem-cd-contact-person.html#cd-contact-person-stepdaughter">stepdaughter</a>
                </td>
                <td>https://www.ehealth.fgov.be/standards/fhir/CodeSystem/cd-contact-person</td>
                <td>stepdaughter</td>
                <td/>
              </tr>
              <tr>
                <td style="white-space:nowrap">
                  <a name="https---www.ehealth.fgov.be-standards-fhir-CodeSystem-cd-contact-person-stepfather"> </a>
                  <a href="CodeSystem-cd-contact-person.html#cd-contact-person-stepfather">stepfather</a>
                </td>
                <td>https://www.ehealth.fgov.be/standards/fhir/CodeSystem/cd-contact-person</td>
                <td>stepfather</td>
                <td/>
              </tr>
              <tr>
                <td style="white-space:nowrap">
                  <a name="https---www.ehealth.fgov.be-standards-fhir-CodeSystem-cd-contact-person-stepmother"> </a>
                  <a href="CodeSystem-cd-contact-person.html#cd-contact-person-stepmother">stepmother</a>
                </td>
                <td>https://www.ehealth.fgov.be/standards/fhir/CodeSystem/cd-contact-person</td>
                <td>stepmother</td>
                <td/>
              </tr>
              <tr>
                <td style="white-space:nowrap">
                  <a name="https---www.ehealth.fgov.be-standards-fhir-CodeSystem-cd-contact-person-sisterinlaw"> </a>
                  <a href="CodeSystem-cd-contact-person.html#cd-contact-person-sisterinlaw">sisterinlaw</a>
                </td>
                <td>https://www.ehealth.fgov.be/standards/fhir/CodeSystem/cd-contact-person</td>
                <td>sisterinlaw</td>
                <td/>
              </tr>
            </table>
          </div>
        </text>
        <url value="https://www.ehealth.fgov.be/standards/fhir/ValueSet/be-contactperson"/>
        <version value="1.0.0"/>
        <name value="BeContactPerson"/>
        <title value="ValueSet contact person"/>
        <status value="active"/>
        <date value="2020-04-08T08:33:16+02:00"/>
        <publisher value="eHealth Platform"/>
        <contact>
          <name value="Etienne Cantineau"/>
          <telecom>
            <system value="email"/>
            <value value="etienne.cantineau@ehealth.fgov.be"/>
          </telecom>
        </contact>
        <description value="Maximum valuest to define category of a contact person, using the HL7 values and the Belgian CD-CONTACT-PERSON values."/>
        <expansion>
          <identifier value="urn:uuid:afdf8817-b7e0-4d18-b908-a5e0e7b1e65e"/>
          <timestamp value="2020-04-08T08:33:30+02:00"/>
          <total value="30"/>
          <parameter>
            <name value="excludeNested"/>
            <valueBoolean value="false"/>
          </parameter>
          <parameter>
            <name value="version"/>
            <valueUri value="http://terminology.hl7.org/CodeSystem/v2-0131|2.9"/>
          </parameter>
          <parameter>
            <name value="version"/>
            <valueUri value="https://www.ehealth.fgov.be/standards/fhir/CodeSystem/cd-contact-person|1.0.0"/>
          </parameter>
          <contains>
            <system value="http://terminology.hl7.org/CodeSystem/v2-0131"/>
            <code value="C"/>
            <display value="Emergency Contact"/>
          </contains>
          <contains>
            <system value="http://terminology.hl7.org/CodeSystem/v2-0131"/>
            <code value="E"/>
            <display value="Employer"/>
          </contains>
          <contains>
            <system value="http://terminology.hl7.org/CodeSystem/v2-0131"/>
            <code value="F"/>
            <display value="Federal Agency"/>
          </contains>
          <contains>
            <system value="http://terminology.hl7.org/CodeSystem/v2-0131"/>
            <code value="I"/>
            <display value="Insurance Company"/>
          </contains>
          <contains>
            <system value="http://terminology.hl7.org/CodeSystem/v2-0131"/>
            <code value="N"/>
            <display value="Next-of-Kin"/>
          </contains>
          <contains>
            <system value="http://terminology.hl7.org/CodeSystem/v2-0131"/>
            <code value="S"/>
            <display value="State Agency"/>
          </contains>
          <contains>
            <system value="http://terminology.hl7.org/CodeSystem/v2-0131"/>
            <code value="U"/>
            <display value="Unknown"/>
          </contains>
          <contains>
            <system value="https://www.ehealth.fgov.be/standards/fhir/CodeSystem/cd-contact-person"/>
            <code value="father"/>
            <display value="father"/>
          </contains>
          <contains>
            <system value="https://www.ehealth.fgov.be/standards/fhir/CodeSystem/cd-contact-person"/>
            <code value="mother"/>
            <display value="mother"/>
          </contains>
          <contains>
            <system value="https://www.ehealth.fgov.be/standards/fhir/CodeSystem/cd-contact-person"/>
            <code value="child"/>
            <display value="child"/>
          </contains>
          <contains>
            <system value="https://www.ehealth.fgov.be/standards/fhir/CodeSystem/cd-contact-person"/>
            <code value="spouse"/>
            <display value="spouse"/>
          </contains>
          <contains>
            <system value="https://www.ehealth.fgov.be/standards/fhir/CodeSystem/cd-contact-person"/>
            <code value="husband"/>
            <display value="husband"/>
          </contains>
          <contains>
            <system value="https://www.ehealth.fgov.be/standards/fhir/CodeSystem/cd-contact-person"/>
            <code value="partner"/>
            <display value="partner"/>
          </contains>
          <contains>
            <system value="https://www.ehealth.fgov.be/standards/fhir/CodeSystem/cd-contact-person"/>
            <code value="brother"/>
            <display value="brother"/>
          </contains>
          <contains>
            <system value="https://www.ehealth.fgov.be/standards/fhir/CodeSystem/cd-contact-person"/>
            <code value="sister"/>
            <display value="sister"/>
          </contains>
          <contains>
            <system value="https://www.ehealth.fgov.be/standards/fhir/CodeSystem/cd-contact-person"/>
            <code value="brotherinlaw"/>
            <display value="brotherinlaw"/>
          </contains>
          <contains>
            <system value="https://www.ehealth.fgov.be/standards/fhir/CodeSystem/cd-contact-person"/>
            <code value="tutor"/>
            <display value="tutor"/>
          </contains>
          <contains>
            <system value="https://www.ehealth.fgov.be/standards/fhir/CodeSystem/cd-contact-person"/>
            <code value="notary"/>
            <display value="notary"/>
          </contains>
          <contains>
            <system value="https://www.ehealth.fgov.be/standards/fhir/CodeSystem/cd-contact-person"/>
            <code value="lawyer"/>
            <display value="lawyer"/>
          </contains>
          <contains>
            <system value="https://www.ehealth.fgov.be/standards/fhir/CodeSystem/cd-contact-person"/>
            <code value="employer"/>
            <display value="employer"/>
          </contains>
          <contains>
            <system value="https://www.ehealth.fgov.be/standards/fhir/CodeSystem/cd-contact-person"/>
            <code value="grandparent"/>
            <display value="grandparent"/>
          </contains>
          <contains>
            <system value="https://www.ehealth.fgov.be/standards/fhir/CodeSystem/cd-contact-person"/>
            <code value="son"/>
            <display value="son"/>
          </contains>
          <contains>
            <system value="https://www.ehealth.fgov.be/standards/fhir/CodeSystem/cd-contact-person"/>
            <code value="daughter"/>
            <display value="daughter"/>
          </contains>
          <contains>
            <system value="https://www.ehealth.fgov.be/standards/fhir/CodeSystem/cd-contact-person"/>
            <code value="grandchild"/>
            <display value="grandchild"/>
          </contains>
          <contains>
            <system value="https://www.ehealth.fgov.be/standards/fhir/CodeSystem/cd-contact-person"/>
            <code value="neighbour"/>
            <display value="neighbour"/>
          </contains>
          <contains>
            <system value="https://www.ehealth.fgov.be/standards/fhir/CodeSystem/cd-contact-person"/>
            <code value="stepson"/>
            <display value="stepson"/>
          </contains>
          <contains>
            <system value="https://www.ehealth.fgov.be/standards/fhir/CodeSystem/cd-contact-person"/>
            <code value="stepdaughter"/>
            <display value="stepdaughter"/>
          </contains>
          <contains>
            <system value="https://www.ehealth.fgov.be/standards/fhir/CodeSystem/cd-contact-person"/>
            <code value="stepfather"/>
            <display value="stepfather"/>
          </contains>
          <contains>
            <system value="https://www.ehealth.fgov.be/standards/fhir/CodeSystem/cd-contact-person"/>
            <code value="stepmother"/>
            <display value="stepmother"/>
          </contains>
          <contains>
            <system value="https://www.ehealth.fgov.be/standards/fhir/CodeSystem/cd-contact-person"/>
            <code value="sisterinlaw"/>
            <display value="sisterinlaw"/>
          </contains>
        </expansion>
      </ValueSet>
    </resource>
  </entry>
  <entry>
    <fullUrl value="https://www.ehealth.fgov.be/standards/fhir/ValueSet/be-beproductorservice"/>
    <resource>
      <ValueSet>
        <id value="be-beproductorservice"/>
        <text>
          <status value="generated"/>
          <div xmlns="http://www.w3.org/1999/xhtml">
            <p>This value set contains 0 concepts</p>
            <p style="border: black 1px dotted; background-color: #EEEEEE; padding: 8px"/>Expansion based on https://www.ehealth.fgov.be/standards/fhir/CodeSystem/nihdi-legal-physiotherapy-fa version 1.0.0
            <table class="codes">
              <tr>
                <td style="white-space:nowrap">
                  <b>Code</b>
                </td>
                <td>
                  <b>System</b>
                </td>
                <td>
                  <b>Display</b>
                </td>
              </tr>
            </table>
          </div>
        </text>
        <url value="https://www.ehealth.fgov.be/standards/fhir/ValueSet/be-beproductorservice"/>
        <version value="1.0.0"/>
        <name value="BeProductorServiceNihdiEAgreement"/>
        <title value="ValueSet productor service"/>
        <status value="active"/>
        <date value="2020-04-08T08:33:16+02:00"/>
        <publisher value="eHealth Platform"/>
        <contact>
          <name value="Etienne Cantineau"/>
          <telecom>
            <system value="email"/>
            <value value="etienne.cantineau@ehealth.fgov.be"/>
          </telecom>
        </contact>
        <description value="NIHDI codes for use to describe eAgreement products or services in the MyCareNet eAgreement flows."/>
        <expansion>
          <identifier value="urn:uuid:b36dc1de-cf23-44d8-b771-2428e59114e6"/>
          <timestamp value="2020-04-08T08:33:30+02:00"/>
          <parameter>
            <name value="excludeNested"/>
            <valueBoolean value="false"/>
          </parameter>
          <parameter>
            <name value="version"/>
            <valueUri value="https://www.ehealth.fgov.be/standards/fhir/CodeSystem/nihdi-legal-physiotherapy-fa|1.0.0"/>
          </parameter>
        </expansion>
      </ValueSet>
    </resource>
  </entry>
</Bundle>