<?xml version="1.0" encoding="UTF-8"?>

<Bundle xmlns="http://hl7.org/fhir">
  <id value="c88dd716-dba8-4aad-a6bf-eb6e51f9bf94"/>
  <meta>
    <lastUpdated value="2020-04-01T10:07:45.339+02:00"/>
  </meta>
  <type value="collection"/>
  <entry>
    <fullUrl value="https://www.ehealth.fgov.be/standards/fhir/ValueSet/be-civilstate-value-set"/>
    <resource>
      <ValueSet>
        <id value="be-civilstate-value-set"/>
        <text>
          <status value="generated"/>
          <div xmlns="http://www.w3.org/1999/xhtml">
            <p>This value set contains 17 concepts</p>
            <p style="border: black 1px dotted; background-color: #EEEEEE; padding: 8px"/>Expansion based on http://terminology.hl7.org/CodeSystem/v3-MaritalStatus version 2018-08-12
            <br/>Expansion based on http://terminology.hl7.org/CodeSystem/v3-MaritalStatus version 2018-08-12, https://www.ehealth.fgov.be/standards/fhir/CodeSystem/Cdcivilstate version 1.0.0
            <table class="codes">
              <tr>
                <td style="white-space:nowrap">
                  <b>Code</b>
                </td>
                <td>
                  <b>System</b>
                </td>
                <td>
                  <b>Display</b>
                </td>
                <td>
                  <b>Definition</b>
                </td>
              </tr>
              <tr>
                <td style="white-space:nowrap">
                  <a name="http---terminology.hl7.org-CodeSystem-v3-MaritalStatus-A"> </a>
                  <a href="http://hl7.org/fhir/R4/v3/MaritalStatus/cs.html#v3-MaritalStatus-A">A</a>
                </td>
                <td>http://terminology.hl7.org/CodeSystem/v3-MaritalStatus</td>
                <td>Annulled</td>
                <td>Marriage contract has been declared null and to not have existed</td>
              </tr>
              <tr>
                <td style="white-space:nowrap">
                  <a name="http---terminology.hl7.org-CodeSystem-v3-MaritalStatus-D"> </a>
                  <a href="http://hl7.org/fhir/R4/v3/MaritalStatus/cs.html#v3-MaritalStatus-D">D</a>
                </td>
                <td>http://terminology.hl7.org/CodeSystem/v3-MaritalStatus</td>
                <td>Divorced</td>
                <td>Marriage contract has been declared dissolved and inactive</td>
              </tr>
              <tr>
                <td style="white-space:nowrap">
                  <a name="http---terminology.hl7.org-CodeSystem-v3-MaritalStatus-M"> </a>
                  <a href="http://hl7.org/fhir/R4/v3/MaritalStatus/cs.html#v3-MaritalStatus-M">M</a>
                </td>
                <td>http://terminology.hl7.org/CodeSystem/v3-MaritalStatus</td>
                <td>Married</td>
                <td>A current marriage contract is active</td>
              </tr>
              <tr>
                <td style="white-space:nowrap">
                  <a name="http---terminology.hl7.org-CodeSystem-v3-MaritalStatus-U"> </a>
                  <a href="http://hl7.org/fhir/R4/v3/MaritalStatus/cs.html#v3-MaritalStatus-U">U</a>
                </td>
                <td>http://terminology.hl7.org/CodeSystem/v3-MaritalStatus</td>
                <td>unmarried</td>
                <td>Currently not in a marriage contract.</td>
              </tr>
              <tr>
                <td style="white-space:nowrap">
                  <a name="http---terminology.hl7.org-CodeSystem-v3-MaritalStatus-W"> </a>
                  <a href="http://hl7.org/fhir/R4/v3/MaritalStatus/cs.html#v3-MaritalStatus-W">W</a>
                </td>
                <td>http://terminology.hl7.org/CodeSystem/v3-MaritalStatus</td>
                <td>Widowed</td>
                <td>The spouse has died</td>
              </tr>
              <tr>
                <td style="white-space:nowrap">
                  <a name="https---www.ehealth.fgov.be-standards-fhir-CodeSystem-Cdcivilstate-10"> </a>
                  <a href="Cdcivilstate.html#Cdcivilstate-10">10</a>
                </td>
                <td>https://www.ehealth.fgov.be/standards/fhir/CodeSystem/Cdcivilstate</td>
                <td>Unmarried</td>
                <td/>
              </tr>
              <tr>
                <td style="white-space:nowrap">
                  <a name="https---www.ehealth.fgov.be-standards-fhir-CodeSystem-Cdcivilstate-20"> </a>
                  <a href="Cdcivilstate.html#Cdcivilstate-20">20</a>
                </td>
                <td>https://www.ehealth.fgov.be/standards/fhir/CodeSystem/Cdcivilstate</td>
                <td>Married</td>
                <td/>
              </tr>
              <tr>
                <td style="white-space:nowrap">
                  <a name="https---www.ehealth.fgov.be-standards-fhir-CodeSystem-Cdcivilstate-25"> </a>
                  <a href="Cdcivilstate.html#Cdcivilstate-25">25</a>
                </td>
                <td>https://www.ehealth.fgov.be/standards/fhir/CodeSystem/Cdcivilstate</td>
                <td>Annuled</td>
                <td/>
              </tr>
              <tr>
                <td style="white-space:nowrap">
                  <a name="https---www.ehealth.fgov.be-standards-fhir-CodeSystem-Cdcivilstate-26"> </a>
                  <a href="Cdcivilstate.html#Cdcivilstate-26">26</a>
                </td>
                <td>https://www.ehealth.fgov.be/standards/fhir/CodeSystem/Cdcivilstate</td>
                <td>Putative marriage</td>
                <td/>
              </tr>
              <tr>
                <td style="white-space:nowrap">
                  <a name="https---www.ehealth.fgov.be-standards-fhir-CodeSystem-Cdcivilstate-30"> </a>
                  <a href="Cdcivilstate.html#Cdcivilstate-30">30</a>
                </td>
                <td>https://www.ehealth.fgov.be/standards/fhir/CodeSystem/Cdcivilstate</td>
                <td>Widowed</td>
                <td/>
              </tr>
              <tr>
                <td style="white-space:nowrap">
                  <a name="https---www.ehealth.fgov.be-standards-fhir-CodeSystem-Cdcivilstate-40"> </a>
                  <a href="Cdcivilstate.html#Cdcivilstate-40">40</a>
                </td>
                <td>https://www.ehealth.fgov.be/standards/fhir/CodeSystem/Cdcivilstate</td>
                <td>Divorced</td>
                <td/>
              </tr>
              <tr>
                <td style="white-space:nowrap">
                  <a name="https---www.ehealth.fgov.be-standards-fhir-CodeSystem-Cdcivilstate-41"> </a>
                  <a href="Cdcivilstate.html#Cdcivilstate-41">41</a>
                </td>
                <td>https://www.ehealth.fgov.be/standards/fhir/CodeSystem/Cdcivilstate</td>
                <td>Divorced since 1/10/1994</td>
                <td/>
              </tr>
              <tr>
                <td style="white-space:nowrap">
                  <a name="https---www.ehealth.fgov.be-standards-fhir-CodeSystem-Cdcivilstate-50"> </a>
                  <a href="Cdcivilstate.html#Cdcivilstate-50">50</a>
                </td>
                <td>https://www.ehealth.fgov.be/standards/fhir/CodeSystem/Cdcivilstate</td>
                <td>Legal separation</td>
                <td/>
              </tr>
              <tr>
                <td style="white-space:nowrap">
                  <a name="https---www.ehealth.fgov.be-standards-fhir-CodeSystem-Cdcivilstate-51"> </a>
                  <a href="Cdcivilstate.html#Cdcivilstate-51">51</a>
                </td>
                <td>https://www.ehealth.fgov.be/standards/fhir/CodeSystem/Cdcivilstate</td>
                <td>Legal separation since 1/10/1994</td>
                <td/>
              </tr>
              <tr>
                <td style="white-space:nowrap">
                  <a name="https---www.ehealth.fgov.be-standards-fhir-CodeSystem-Cdcivilstate-60"> </a>
                  <a href="Cdcivilstate.html#Cdcivilstate-60">60</a>
                </td>
                <td>https://www.ehealth.fgov.be/standards/fhir/CodeSystem/Cdcivilstate</td>
                <td>Repudiation</td>
                <td/>
              </tr>
              <tr>
                <td style="white-space:nowrap">
                  <a name="https---www.ehealth.fgov.be-standards-fhir-CodeSystem-Cdcivilstate-80"> </a>
                  <a href="Cdcivilstate.html#Cdcivilstate-80">80</a>
                </td>
                <td>https://www.ehealth.fgov.be/standards/fhir/CodeSystem/Cdcivilstate</td>
                <td>Partnership</td>
                <td/>
              </tr>
              <tr>
                <td style="white-space:nowrap">
                  <a name="https---www.ehealth.fgov.be-standards-fhir-CodeSystem-Cdcivilstate-81"> </a>
                  <a href="Cdcivilstate.html#Cdcivilstate-81">81</a>
                </td>
                <td>https://www.ehealth.fgov.be/standards/fhir/CodeSystem/Cdcivilstate</td>
                <td>End of partnership</td>
                <td/>
              </tr>
            </table>
          </div>
        </text>
        <url value="https://www.ehealth.fgov.be/standards/fhir/ValueSet/be-civilstate-value-set"/>
        <version value="1.0.0"/>
        <name value="BeCivilState"/>
        <title value="ValueSet civil state"/>
        <status value="active"/>
        <date value="2020-04-01T10:07:45+02:00"/>
        <publisher value="eHealth Platform"/>
        <contact>
          <name value="Etienne Cantineau"/>
          <telecom>
            <system value="email"/>
            <value value="etienne.cantineau@ehealth.fgov.be"/>
          </telecom>
        </contact>
        <description value="Codes supported by eHealth Platform differentiating types of civil state. This valueset supports the Belgian federal FHIR profiling effort. &#xA;Whenever possible add a code from http://terminology.hl7.org/CodeSystem/v3-MaritalStatus for international interoperability but also use https://www.ehealth.fgov.be/standards/fhir/CodeSystem/CD-CIVILSTATE &#xA;for the Belgian specific code."/>
        <expansion>
          <identifier value="urn:uuid:618e4163-18f4-41a6-8392-dc779909d43b"/>
          <timestamp value="2020-04-01T10:07:55+02:00"/>
          <total value="17"/>
          <parameter>
            <name value="excludeNested"/>
            <valueBoolean value="false"/>
          </parameter>
          <parameter>
            <name value="version"/>
            <valueUri value="http://terminology.hl7.org/CodeSystem/v3-MaritalStatus|2018-08-12"/>
          </parameter>
          <parameter>
            <name value="version"/>
            <valueUri value="https://www.ehealth.fgov.be/standards/fhir/CodeSystem/Cdcivilstate|1.0.0"/>
          </parameter>
          <contains>
            <system value="http://terminology.hl7.org/CodeSystem/v3-MaritalStatus"/>
            <code value="A"/>
            <display value="Annulled"/>
          </contains>
          <contains>
            <system value="http://terminology.hl7.org/CodeSystem/v3-MaritalStatus"/>
            <code value="D"/>
            <display value="Divorced"/>
          </contains>
          <contains>
            <system value="http://terminology.hl7.org/CodeSystem/v3-MaritalStatus"/>
            <code value="M"/>
            <display value="Married"/>
          </contains>
          <contains>
            <system value="http://terminology.hl7.org/CodeSystem/v3-MaritalStatus"/>
            <code value="U"/>
            <display value="unmarried"/>
          </contains>
          <contains>
            <system value="http://terminology.hl7.org/CodeSystem/v3-MaritalStatus"/>
            <code value="W"/>
            <display value="Widowed"/>
          </contains>
          <contains>
            <system value="https://www.ehealth.fgov.be/standards/fhir/CodeSystem/Cdcivilstate"/>
            <code value="10"/>
            <display value="Unmarried"/>
          </contains>
          <contains>
            <system value="https://www.ehealth.fgov.be/standards/fhir/CodeSystem/Cdcivilstate"/>
            <code value="20"/>
            <display value="Married"/>
          </contains>
          <contains>
            <system value="https://www.ehealth.fgov.be/standards/fhir/CodeSystem/Cdcivilstate"/>
            <code value="25"/>
            <display value="Annuled"/>
          </contains>
          <contains>
            <system value="https://www.ehealth.fgov.be/standards/fhir/CodeSystem/Cdcivilstate"/>
            <code value="26"/>
            <display value="Putative marriage"/>
          </contains>
          <contains>
            <system value="https://www.ehealth.fgov.be/standards/fhir/CodeSystem/Cdcivilstate"/>
            <code value="30"/>
            <display value="Widowed"/>
          </contains>
          <contains>
            <system value="https://www.ehealth.fgov.be/standards/fhir/CodeSystem/Cdcivilstate"/>
            <code value="40"/>
            <display value="Divorced"/>
          </contains>
          <contains>
            <system value="https://www.ehealth.fgov.be/standards/fhir/CodeSystem/Cdcivilstate"/>
            <code value="41"/>
            <display value="Divorced since 1/10/1994"/>
          </contains>
          <contains>
            <system value="https://www.ehealth.fgov.be/standards/fhir/CodeSystem/Cdcivilstate"/>
            <code value="50"/>
            <display value="Legal separation"/>
          </contains>
          <contains>
            <system value="https://www.ehealth.fgov.be/standards/fhir/CodeSystem/Cdcivilstate"/>
            <code value="51"/>
            <display value="Legal separation since 1/10/1994"/>
          </contains>
          <contains>
            <system value="https://www.ehealth.fgov.be/standards/fhir/CodeSystem/Cdcivilstate"/>
            <code value="60"/>
            <display value="Repudiation"/>
          </contains>
          <contains>
            <system value="https://www.ehealth.fgov.be/standards/fhir/CodeSystem/Cdcivilstate"/>
            <code value="80"/>
            <display value="Partnership"/>
          </contains>
          <contains>
            <system value="https://www.ehealth.fgov.be/standards/fhir/CodeSystem/Cdcivilstate"/>
            <code value="81"/>
            <display value="End of partnership"/>
          </contains>
        </expansion>
      </ValueSet>
    </resource>
  </entry>
  <entry>
    <fullUrl value="https://www.ehealth.fgov.be/standards/fhir/ValueSet/be-contactperson-value-set"/>
    <resource>
      <ValueSet>
        <id value="be-contactperson-value-set"/>
        <text>
          <status value="generated"/>
          <div xmlns="http://www.w3.org/1999/xhtml">
            <p>This value set contains 30 concepts</p>
            <p style="border: black 1px dotted; background-color: #EEEEEE; padding: 8px"/>Expansion based on http://terminology.hl7.org/CodeSystem/v2-0131 version 2.9
            <br/>Expansion based on http://terminology.hl7.org/CodeSystem/v2-0131 version 2.9, https://www.ehealth.fgov.be/standards/fhir/CodeSystem/Cdcontactperson version 1.0.0
            <table class="codes">
              <tr>
                <td style="white-space:nowrap">
                  <b>Code</b>
                </td>
                <td>
                  <b>System</b>
                </td>
                <td>
                  <b>Display</b>
                </td>
                <td>
                  <b>Definition</b>
                </td>
              </tr>
              <tr>
                <td style="white-space:nowrap">
                  <a name="http---terminology.hl7.org-CodeSystem-v2-0131-C"> </a>
                  <a href="http://hl7.org/fhir/R4/v2/0131/index.html#v2-0131-C">C</a>
                </td>
                <td>http://terminology.hl7.org/CodeSystem/v2-0131</td>
                <td>Emergency Contact</td>
                <td/>
              </tr>
              <tr>
                <td style="white-space:nowrap">
                  <a name="http---terminology.hl7.org-CodeSystem-v2-0131-E"> </a>
                  <a href="http://hl7.org/fhir/R4/v2/0131/index.html#v2-0131-E">E</a>
                </td>
                <td>http://terminology.hl7.org/CodeSystem/v2-0131</td>
                <td>Employer</td>
                <td/>
              </tr>
              <tr>
                <td style="white-space:nowrap">
                  <a name="http---terminology.hl7.org-CodeSystem-v2-0131-F"> </a>
                  <a href="http://hl7.org/fhir/R4/v2/0131/index.html#v2-0131-F">F</a>
                </td>
                <td>http://terminology.hl7.org/CodeSystem/v2-0131</td>
                <td>Federal Agency</td>
                <td/>
              </tr>
              <tr>
                <td style="white-space:nowrap">
                  <a name="http---terminology.hl7.org-CodeSystem-v2-0131-I"> </a>
                  <a href="http://hl7.org/fhir/R4/v2/0131/index.html#v2-0131-I">I</a>
                </td>
                <td>http://terminology.hl7.org/CodeSystem/v2-0131</td>
                <td>Insurance Company</td>
                <td/>
              </tr>
              <tr>
                <td style="white-space:nowrap">
                  <a name="http---terminology.hl7.org-CodeSystem-v2-0131-N"> </a>
                  <a href="http://hl7.org/fhir/R4/v2/0131/index.html#v2-0131-N">N</a>
                </td>
                <td>http://terminology.hl7.org/CodeSystem/v2-0131</td>
                <td>Next-of-Kin</td>
                <td/>
              </tr>
              <tr>
                <td style="white-space:nowrap">
                  <a name="http---terminology.hl7.org-CodeSystem-v2-0131-S"> </a>
                  <a href="http://hl7.org/fhir/R4/v2/0131/index.html#v2-0131-S">S</a>
                </td>
                <td>http://terminology.hl7.org/CodeSystem/v2-0131</td>
                <td>State Agency</td>
                <td/>
              </tr>
              <tr>
                <td style="white-space:nowrap">
                  <a name="http---terminology.hl7.org-CodeSystem-v2-0131-U"> </a>
                  <a href="http://hl7.org/fhir/R4/v2/0131/index.html#v2-0131-U">U</a>
                </td>
                <td>http://terminology.hl7.org/CodeSystem/v2-0131</td>
                <td>Unknown</td>
                <td/>
              </tr>
              <tr>
                <td style="white-space:nowrap">
                  <a name="https---www.ehealth.fgov.be-standards-fhir-CodeSystem-Cdcontactperson-father"> </a>
                  <a href="Cdcontactperson.html#Cdcontactperson-father">father</a>
                </td>
                <td>https://www.ehealth.fgov.be/standards/fhir/CodeSystem/Cdcontactperson</td>
                <td>father</td>
                <td/>
              </tr>
              <tr>
                <td style="white-space:nowrap">
                  <a name="https---www.ehealth.fgov.be-standards-fhir-CodeSystem-Cdcontactperson-mother"> </a>
                  <a href="Cdcontactperson.html#Cdcontactperson-mother">mother</a>
                </td>
                <td>https://www.ehealth.fgov.be/standards/fhir/CodeSystem/Cdcontactperson</td>
                <td>mother</td>
                <td/>
              </tr>
              <tr>
                <td style="white-space:nowrap">
                  <a name="https---www.ehealth.fgov.be-standards-fhir-CodeSystem-Cdcontactperson-child"> </a>
                  <a href="Cdcontactperson.html#Cdcontactperson-child">child</a>
                </td>
                <td>https://www.ehealth.fgov.be/standards/fhir/CodeSystem/Cdcontactperson</td>
                <td>child</td>
                <td/>
              </tr>
              <tr>
                <td style="white-space:nowrap">
                  <a name="https---www.ehealth.fgov.be-standards-fhir-CodeSystem-Cdcontactperson-spouse"> </a>
                  <a href="Cdcontactperson.html#Cdcontactperson-spouse">spouse</a>
                </td>
                <td>https://www.ehealth.fgov.be/standards/fhir/CodeSystem/Cdcontactperson</td>
                <td>spouse</td>
                <td/>
              </tr>
              <tr>
                <td style="white-space:nowrap">
                  <a name="https---www.ehealth.fgov.be-standards-fhir-CodeSystem-Cdcontactperson-husband"> </a>
                  <a href="Cdcontactperson.html#Cdcontactperson-husband">husband</a>
                </td>
                <td>https://www.ehealth.fgov.be/standards/fhir/CodeSystem/Cdcontactperson</td>
                <td>husband</td>
                <td/>
              </tr>
              <tr>
                <td style="white-space:nowrap">
                  <a name="https---www.ehealth.fgov.be-standards-fhir-CodeSystem-Cdcontactperson-partner"> </a>
                  <a href="Cdcontactperson.html#Cdcontactperson-partner">partner</a>
                </td>
                <td>https://www.ehealth.fgov.be/standards/fhir/CodeSystem/Cdcontactperson</td>
                <td>partner</td>
                <td/>
              </tr>
              <tr>
                <td style="white-space:nowrap">
                  <a name="https---www.ehealth.fgov.be-standards-fhir-CodeSystem-Cdcontactperson-brother"> </a>
                  <a href="Cdcontactperson.html#Cdcontactperson-brother">brother</a>
                </td>
                <td>https://www.ehealth.fgov.be/standards/fhir/CodeSystem/Cdcontactperson</td>
                <td>brother</td>
                <td/>
              </tr>
              <tr>
                <td style="white-space:nowrap">
                  <a name="https---www.ehealth.fgov.be-standards-fhir-CodeSystem-Cdcontactperson-sister"> </a>
                  <a href="Cdcontactperson.html#Cdcontactperson-sister">sister</a>
                </td>
                <td>https://www.ehealth.fgov.be/standards/fhir/CodeSystem/Cdcontactperson</td>
                <td>sister</td>
                <td/>
              </tr>
              <tr>
                <td style="white-space:nowrap">
                  <a name="https---www.ehealth.fgov.be-standards-fhir-CodeSystem-Cdcontactperson-brotherinlaw"> </a>
                  <a href="Cdcontactperson.html#Cdcontactperson-brotherinlaw">brotherinlaw</a>
                </td>
                <td>https://www.ehealth.fgov.be/standards/fhir/CodeSystem/Cdcontactperson</td>
                <td>brotherinlaw</td>
                <td/>
              </tr>
              <tr>
                <td style="white-space:nowrap">
                  <a name="https---www.ehealth.fgov.be-standards-fhir-CodeSystem-Cdcontactperson-tutor"> </a>
                  <a href="Cdcontactperson.html#Cdcontactperson-tutor">tutor</a>
                </td>
                <td>https://www.ehealth.fgov.be/standards/fhir/CodeSystem/Cdcontactperson</td>
                <td>tutor</td>
                <td/>
              </tr>
              <tr>
                <td style="white-space:nowrap">
                  <a name="https---www.ehealth.fgov.be-standards-fhir-CodeSystem-Cdcontactperson-notary"> </a>
                  <a href="Cdcontactperson.html#Cdcontactperson-notary">notary</a>
                </td>
                <td>https://www.ehealth.fgov.be/standards/fhir/CodeSystem/Cdcontactperson</td>
                <td>notary</td>
                <td/>
              </tr>
              <tr>
                <td style="white-space:nowrap">
                  <a name="https---www.ehealth.fgov.be-standards-fhir-CodeSystem-Cdcontactperson-lawyer"> </a>
                  <a href="Cdcontactperson.html#Cdcontactperson-lawyer">lawyer</a>
                </td>
                <td>https://www.ehealth.fgov.be/standards/fhir/CodeSystem/Cdcontactperson</td>
                <td>lawyer</td>
                <td/>
              </tr>
              <tr>
                <td style="white-space:nowrap">
                  <a name="https---www.ehealth.fgov.be-standards-fhir-CodeSystem-Cdcontactperson-employer"> </a>
                  <a href="Cdcontactperson.html#Cdcontactperson-employer">employer</a>
                </td>
                <td>https://www.ehealth.fgov.be/standards/fhir/CodeSystem/Cdcontactperson</td>
                <td>employer</td>
                <td/>
              </tr>
              <tr>
                <td style="white-space:nowrap">
                  <a name="https---www.ehealth.fgov.be-standards-fhir-CodeSystem-Cdcontactperson-grandparent"> </a>
                  <a href="Cdcontactperson.html#Cdcontactperson-grandparent">grandparent</a>
                </td>
                <td>https://www.ehealth.fgov.be/standards/fhir/CodeSystem/Cdcontactperson</td>
                <td>grandparent</td>
                <td/>
              </tr>
              <tr>
                <td style="white-space:nowrap">
                  <a name="https---www.ehealth.fgov.be-standards-fhir-CodeSystem-Cdcontactperson-son"> </a>
                  <a href="Cdcontactperson.html#Cdcontactperson-son">son</a>
                </td>
                <td>https://www.ehealth.fgov.be/standards/fhir/CodeSystem/Cdcontactperson</td>
                <td>son</td>
                <td/>
              </tr>
              <tr>
                <td style="white-space:nowrap">
                  <a name="https---www.ehealth.fgov.be-standards-fhir-CodeSystem-Cdcontactperson-daughter"> </a>
                  <a href="Cdcontactperson.html#Cdcontactperson-daughter">daughter</a>
                </td>
                <td>https://www.ehealth.fgov.be/standards/fhir/CodeSystem/Cdcontactperson</td>
                <td>daughter</td>
                <td/>
              </tr>
              <tr>
                <td style="white-space:nowrap">
                  <a name="https---www.ehealth.fgov.be-standards-fhir-CodeSystem-Cdcontactperson-grandchild"> </a>
                  <a href="Cdcontactperson.html#Cdcontactperson-grandchild">grandchild</a>
                </td>
                <td>https://www.ehealth.fgov.be/standards/fhir/CodeSystem/Cdcontactperson</td>
                <td>grandchild</td>
                <td/>
              </tr>
              <tr>
                <td style="white-space:nowrap">
                  <a name="https---www.ehealth.fgov.be-standards-fhir-CodeSystem-Cdcontactperson-neighbour"> </a>
                  <a href="Cdcontactperson.html#Cdcontactperson-neighbour">neighbour</a>
                </td>
                <td>https://www.ehealth.fgov.be/standards/fhir/CodeSystem/Cdcontactperson</td>
                <td>neighbour</td>
                <td/>
              </tr>
              <tr>
                <td style="white-space:nowrap">
                  <a name="https---www.ehealth.fgov.be-standards-fhir-CodeSystem-Cdcontactperson-stepson"> </a>
                  <a href="Cdcontactperson.html#Cdcontactperson-stepson">stepson</a>
                </td>
                <td>https://www.ehealth.fgov.be/standards/fhir/CodeSystem/Cdcontactperson</td>
                <td>stepson</td>
                <td/>
              </tr>
              <tr>
                <td style="white-space:nowrap">
                  <a name="https---www.ehealth.fgov.be-standards-fhir-CodeSystem-Cdcontactperson-stepdaughter"> </a>
                  <a href="Cdcontactperson.html#Cdcontactperson-stepdaughter">stepdaughter</a>
                </td>
                <td>https://www.ehealth.fgov.be/standards/fhir/CodeSystem/Cdcontactperson</td>
                <td>stepdaughter</td>
                <td/>
              </tr>
              <tr>
                <td style="white-space:nowrap">
                  <a name="https---www.ehealth.fgov.be-standards-fhir-CodeSystem-Cdcontactperson-stepfather"> </a>
                  <a href="Cdcontactperson.html#Cdcontactperson-stepfather">stepfather</a>
                </td>
                <td>https://www.ehealth.fgov.be/standards/fhir/CodeSystem/Cdcontactperson</td>
                <td>stepfather</td>
                <td/>
              </tr>
              <tr>
                <td style="white-space:nowrap">
                  <a name="https---www.ehealth.fgov.be-standards-fhir-CodeSystem-Cdcontactperson-stepmother"> </a>
                  <a href="Cdcontactperson.html#Cdcontactperson-stepmother">stepmother</a>
                </td>
                <td>https://www.ehealth.fgov.be/standards/fhir/CodeSystem/Cdcontactperson</td>
                <td>stepmother</td>
                <td/>
              </tr>
              <tr>
                <td style="white-space:nowrap">
                  <a name="https---www.ehealth.fgov.be-standards-fhir-CodeSystem-Cdcontactperson-sisterinlaw"> </a>
                  <a href="Cdcontactperson.html#Cdcontactperson-sisterinlaw">sisterinlaw</a>
                </td>
                <td>https://www.ehealth.fgov.be/standards/fhir/CodeSystem/Cdcontactperson</td>
                <td>sisterinlaw</td>
                <td/>
              </tr>
            </table>
          </div>
        </text>
        <url value="https://www.ehealth.fgov.be/standards/fhir/ValueSet/be-contactperson-value-set"/>
        <version value="1.0.0"/>
        <name value="BeContactPerson"/>
        <title value="ValueSet contact person"/>
        <status value="active"/>
        <date value="2020-04-01T10:07:45+02:00"/>
        <publisher value="eHealth Platform"/>
        <contact>
          <name value="Etienne Cantineau"/>
          <telecom>
            <system value="email"/>
            <value value="etienne.cantineau@ehealth.fgov.be"/>
          </telecom>
        </contact>
        <description value="Maximum valuest to define category of a contact person, using the HL7 values and the Belgian CD-CONTACT-PERSON values."/>
        <expansion>
          <identifier value="urn:uuid:e4c7f69d-2c56-40b5-9649-8031d7a3df7e"/>
          <timestamp value="2020-04-01T10:07:55+02:00"/>
          <total value="30"/>
          <parameter>
            <name value="excludeNested"/>
            <valueBoolean value="false"/>
          </parameter>
          <parameter>
            <name value="version"/>
            <valueUri value="http://terminology.hl7.org/CodeSystem/v2-0131|2.9"/>
          </parameter>
          <parameter>
            <name value="version"/>
            <valueUri value="https://www.ehealth.fgov.be/standards/fhir/CodeSystem/Cdcontactperson|1.0.0"/>
          </parameter>
          <contains>
            <system value="http://terminology.hl7.org/CodeSystem/v2-0131"/>
            <code value="C"/>
            <display value="Emergency Contact"/>
          </contains>
          <contains>
            <system value="http://terminology.hl7.org/CodeSystem/v2-0131"/>
            <code value="E"/>
            <display value="Employer"/>
          </contains>
          <contains>
            <system value="http://terminology.hl7.org/CodeSystem/v2-0131"/>
            <code value="F"/>
            <display value="Federal Agency"/>
          </contains>
          <contains>
            <system value="http://terminology.hl7.org/CodeSystem/v2-0131"/>
            <code value="I"/>
            <display value="Insurance Company"/>
          </contains>
          <contains>
            <system value="http://terminology.hl7.org/CodeSystem/v2-0131"/>
            <code value="N"/>
            <display value="Next-of-Kin"/>
          </contains>
          <contains>
            <system value="http://terminology.hl7.org/CodeSystem/v2-0131"/>
            <code value="S"/>
            <display value="State Agency"/>
          </contains>
          <contains>
            <system value="http://terminology.hl7.org/CodeSystem/v2-0131"/>
            <code value="U"/>
            <display value="Unknown"/>
          </contains>
          <contains>
            <system value="https://www.ehealth.fgov.be/standards/fhir/CodeSystem/Cdcontactperson"/>
            <code value="father"/>
            <display value="father"/>
          </contains>
          <contains>
            <system value="https://www.ehealth.fgov.be/standards/fhir/CodeSystem/Cdcontactperson"/>
            <code value="mother"/>
            <display value="mother"/>
          </contains>
          <contains>
            <system value="https://www.ehealth.fgov.be/standards/fhir/CodeSystem/Cdcontactperson"/>
            <code value="child"/>
            <display value="child"/>
          </contains>
          <contains>
            <system value="https://www.ehealth.fgov.be/standards/fhir/CodeSystem/Cdcontactperson"/>
            <code value="spouse"/>
            <display value="spouse"/>
          </contains>
          <contains>
            <system value="https://www.ehealth.fgov.be/standards/fhir/CodeSystem/Cdcontactperson"/>
            <code value="husband"/>
            <display value="husband"/>
          </contains>
          <contains>
            <system value="https://www.ehealth.fgov.be/standards/fhir/CodeSystem/Cdcontactperson"/>
            <code value="partner"/>
            <display value="partner"/>
          </contains>
          <contains>
            <system value="https://www.ehealth.fgov.be/standards/fhir/CodeSystem/Cdcontactperson"/>
            <code value="brother"/>
            <display value="brother"/>
          </contains>
          <contains>
            <system value="https://www.ehealth.fgov.be/standards/fhir/CodeSystem/Cdcontactperson"/>
            <code value="sister"/>
            <display value="sister"/>
          </contains>
          <contains>
            <system value="https://www.ehealth.fgov.be/standards/fhir/CodeSystem/Cdcontactperson"/>
            <code value="brotherinlaw"/>
            <display value="brotherinlaw"/>
          </contains>
          <contains>
            <system value="https://www.ehealth.fgov.be/standards/fhir/CodeSystem/Cdcontactperson"/>
            <code value="tutor"/>
            <display value="tutor"/>
          </contains>
          <contains>
            <system value="https://www.ehealth.fgov.be/standards/fhir/CodeSystem/Cdcontactperson"/>
            <code value="notary"/>
            <display value="notary"/>
          </contains>
          <contains>
            <system value="https://www.ehealth.fgov.be/standards/fhir/CodeSystem/Cdcontactperson"/>
            <code value="lawyer"/>
            <display value="lawyer"/>
          </contains>
          <contains>
            <system value="https://www.ehealth.fgov.be/standards/fhir/CodeSystem/Cdcontactperson"/>
            <code value="employer"/>
            <display value="employer"/>
          </contains>
          <contains>
            <system value="https://www.ehealth.fgov.be/standards/fhir/CodeSystem/Cdcontactperson"/>
            <code value="grandparent"/>
            <display value="grandparent"/>
          </contains>
          <contains>
            <system value="https://www.ehealth.fgov.be/standards/fhir/CodeSystem/Cdcontactperson"/>
            <code value="son"/>
            <display value="son"/>
          </contains>
          <contains>
            <system value="https://www.ehealth.fgov.be/standards/fhir/CodeSystem/Cdcontactperson"/>
            <code value="daughter"/>
            <display value="daughter"/>
          </contains>
          <contains>
            <system value="https://www.ehealth.fgov.be/standards/fhir/CodeSystem/Cdcontactperson"/>
            <code value="grandchild"/>
            <display value="grandchild"/>
          </contains>
          <contains>
            <system value="https://www.ehealth.fgov.be/standards/fhir/CodeSystem/Cdcontactperson"/>
            <code value="neighbour"/>
            <display value="neighbour"/>
          </contains>
          <contains>
            <system value="https://www.ehealth.fgov.be/standards/fhir/CodeSystem/Cdcontactperson"/>
            <code value="stepson"/>
            <display value="stepson"/>
          </contains>
          <contains>
            <system value="https://www.ehealth.fgov.be/standards/fhir/CodeSystem/Cdcontactperson"/>
            <code value="stepdaughter"/>
            <display value="stepdaughter"/>
          </contains>
          <contains>
            <system value="https://www.ehealth.fgov.be/standards/fhir/CodeSystem/Cdcontactperson"/>
            <code value="stepfather"/>
            <display value="stepfather"/>
          </contains>
          <contains>
            <system value="https://www.ehealth.fgov.be/standards/fhir/CodeSystem/Cdcontactperson"/>
            <code value="stepmother"/>
            <display value="stepmother"/>
          </contains>
          <contains>
            <system value="https://www.ehealth.fgov.be/standards/fhir/CodeSystem/Cdcontactperson"/>
            <code value="sisterinlaw"/>
            <display value="sisterinlaw"/>
          </contains>
        </expansion>
      </ValueSet>
    </resource>
  </entry>
  <entry>
    <fullUrl value="https://www.ehealth.fgov.be/standards/fhir/ValueSet/be-beproductorservice-value-set"/>
    <resource>
      <ValueSet>
        <id value="be-beproductorservice-value-set"/>
        <text>
          <status value="generated"/>
          <div xmlns="http://www.w3.org/1999/xhtml">
            <p>This value set contains 0 concepts</p>
            <p style="border: black 1px dotted; background-color: #EEEEEE; padding: 8px"/>Expansion based on https://www.ehealth.fgov.be/standards/fhir/CodeSystem/NIHDILegalPhysiotherapyFa version 1.0.0
            <table class="codes">
              <tr>
                <td style="white-space:nowrap">
                  <b>Code</b>
                </td>
                <td>
                  <b>System</b>
                </td>
                <td>
                  <b>Display</b>
                </td>
              </tr>
            </table>
          </div>
        </text>
        <url value="https://www.ehealth.fgov.be/standards/fhir/ValueSet/be-beproductorservice-value-set"/>
        <version value="1.0.0"/>
        <name value="BeProductorServiceNihdiEAgreement"/>
        <title value="ValueSet productor service"/>
        <status value="active"/>
        <date value="2020-04-01T10:07:45+02:00"/>
        <publisher value="eHealth Platform"/>
        <contact>
          <name value="Etienne Cantineau"/>
          <telecom>
            <system value="email"/>
            <value value="etienne.cantineau@ehealth.fgov.be"/>
          </telecom>
        </contact>
        <description value="NIHDI codes for use to describe eAgreement products or services in the MyCareNet eAgreement flows."/>
        <expansion>
          <identifier value="urn:uuid:4755841a-6cdd-481b-a349-41a360e21795"/>
          <timestamp value="2020-04-01T10:07:55+02:00"/>
          <parameter>
            <name value="excludeNested"/>
            <valueBoolean value="false"/>
          </parameter>
          <parameter>
            <name value="version"/>
            <valueUri value="https://www.ehealth.fgov.be/standards/fhir/CodeSystem/NIHDILegalPhysiotherapyFa|1.0.0"/>
          </parameter>
        </expansion>
      </ValueSet>
    </resource>
  </entry>
</Bundle>