<?xml version="1.0" encoding="UTF-8"?>

<CodeSystem xmlns="http://hl7.org/fhir">
  <id value="Cdcontactperson"/>
  <text>
    <status value="generated"/><div xmlns="http://www.w3.org/1999/xhtml"><h2>CodeSystem CD-CONTACTPERSON</h2><div><p>Contact person</p>
</div><p>This code system https://www.ehealth.fgov.be/standards/fhir/CodeSystem/Cdcontactperson defines the following codes:</p><table class="codes"><tr><td style="white-space:nowrap"><b>Code</b></td><td><b>Display</b></td><td><b>Definition</b></td></tr><tr><td style="white-space:nowrap">father<a name="Cdcontactperson-father"> </a></td><td>father</td><td/></tr><tr><td style="white-space:nowrap">mother<a name="Cdcontactperson-mother"> </a></td><td>mother</td><td/></tr><tr><td style="white-space:nowrap">child<a name="Cdcontactperson-child"> </a></td><td>child</td><td/></tr><tr><td style="white-space:nowrap">spouse<a name="Cdcontactperson-spouse"> </a></td><td>spouse</td><td/></tr><tr><td style="white-space:nowrap">husband<a name="Cdcontactperson-husband"> </a></td><td>husband</td><td/></tr><tr><td style="white-space:nowrap">partner<a name="Cdcontactperson-partner"> </a></td><td>partner</td><td/></tr><tr><td style="white-space:nowrap">brother<a name="Cdcontactperson-brother"> </a></td><td>brother</td><td/></tr><tr><td style="white-space:nowrap">sister<a name="Cdcontactperson-sister"> </a></td><td>sister</td><td/></tr><tr><td style="white-space:nowrap">brotherinlaw<a name="Cdcontactperson-brotherinlaw"> </a></td><td>brotherinlaw</td><td/></tr><tr><td style="white-space:nowrap">tutor<a name="Cdcontactperson-tutor"> </a></td><td>tutor</td><td/></tr><tr><td style="white-space:nowrap">notary<a name="Cdcontactperson-notary"> </a></td><td>notary</td><td/></tr><tr><td style="white-space:nowrap">lawyer<a name="Cdcontactperson-lawyer"> </a></td><td>lawyer</td><td/></tr><tr><td style="white-space:nowrap">employer<a name="Cdcontactperson-employer"> </a></td><td>employer</td><td/></tr><tr><td style="white-space:nowrap">grandparent<a name="Cdcontactperson-grandparent"> </a></td><td>grandparent</td><td/></tr><tr><td style="white-space:nowrap">son<a name="Cdcontactperson-son"> </a></td><td>son</td><td/></tr><tr><td style="white-space:nowrap">daughter<a name="Cdcontactperson-daughter"> </a></td><td>daughter</td><td/></tr><tr><td style="white-space:nowrap">grandchild<a name="Cdcontactperson-grandchild"> </a></td><td>grandchild</td><td/></tr><tr><td style="white-space:nowrap">neighbour<a name="Cdcontactperson-neighbour"> </a></td><td>neighbour</td><td/></tr><tr><td style="white-space:nowrap">stepson<a name="Cdcontactperson-stepson"> </a></td><td>stepson</td><td/></tr><tr><td style="white-space:nowrap">stepdaughter<a name="Cdcontactperson-stepdaughter"> </a></td><td>stepdaughter</td><td/></tr><tr><td style="white-space:nowrap">stepfather<a name="Cdcontactperson-stepfather"> </a></td><td>stepfather</td><td/></tr><tr><td style="white-space:nowrap">stepmother<a name="Cdcontactperson-stepmother"> </a></td><td>stepmother</td><td/></tr><tr><td style="white-space:nowrap">sisterinlaw<a name="Cdcontactperson-sisterinlaw"> </a></td><td>sisterinlaw</td><td/></tr></table></div>
  </text>
  <url value="https://www.ehealth.fgov.be/standards/fhir/CodeSystem/Cdcontactperson"/>
  <version value="0.1.0"/>
  <name value="Cdcontactperson"/>
  <title value="CodeSystem CD-CONTACTPERSON"/>
  <status value="active"/>
  <date value="2020-03-31T08:44:59+02:00"/>
  <publisher value="eHealth Platform"/>
  <contact>
    <name value="Etienne Cantineau"/>
    <telecom>
      <system value="email"/>
      <value value="etienne.cantineau@ehealth.fgov.be"/>
    </telecom>
  </contact>
  <description value="Contact person"/>
  <content value="complete"/>
  <concept>
    <code value="father"/>
    <display value="father"/>
  </concept>
  <concept>
    <code value="mother"/>
    <display value="mother"/>
  </concept>
  <concept>
    <code value="child"/>
    <display value="child"/>
  </concept>
  <concept>
    <code value="spouse"/>
    <display value="spouse"/>
  </concept>
  <concept>
    <code value="husband"/>
    <display value="husband"/>
  </concept>
  <concept>
    <code value="partner"/>
    <display value="partner"/>
  </concept>
  <concept>
    <code value="brother"/>
    <display value="brother"/>
  </concept>
  <concept>
    <code value="sister"/>
    <display value="sister"/>
  </concept>
  <concept>
    <code value="brotherinlaw"/>
    <display value="brotherinlaw"/>
  </concept>
  <concept>
    <code value="tutor"/>
    <display value="tutor"/>
  </concept>
  <concept>
    <code value="notary"/>
    <display value="notary"/>
  </concept>
  <concept>
    <code value="lawyer"/>
    <display value="lawyer"/>
  </concept>
  <concept>
    <code value="employer"/>
    <display value="employer"/>
  </concept>
  <concept>
    <code value="grandparent"/>
    <display value="grandparent"/>
  </concept>
  <concept>
    <code value="son"/>
    <display value="son"/>
  </concept>
  <concept>
    <code value="daughter"/>
    <display value="daughter"/>
  </concept>
  <concept>
    <code value="grandchild"/>
    <display value="grandchild"/>
  </concept>
  <concept>
    <code value="neighbour"/>
    <display value="neighbour"/>
  </concept>
  <concept>
    <code value="stepson"/>
    <display value="stepson"/>
  </concept>
  <concept>
    <code value="stepdaughter"/>
    <display value="stepdaughter"/>
  </concept>
  <concept>
    <code value="stepfather"/>
    <display value="stepfather"/>
  </concept>
  <concept>
    <code value="stepmother"/>
    <display value="stepmother"/>
  </concept>
  <concept>
    <code value="sisterinlaw"/>
    <display value="sisterinlaw"/>
  </concept>
</CodeSystem>