<?xml version="1.0" encoding="UTF-8"?>

<DiagnosticReport xmlns="http://hl7.org/fhir">
  <id value="diagnosticreport2"/>
  <meta>
    <profile value="https://www.ehealth.fgov.be/standards/fhir/StructureDefinition/be-diagnosticreport"/>
  </meta>
  <text>
    <status value="generated"/><div xmlns="http://www.w3.org/1999/xhtml"><p><b>Generated Narrative with Details</b></p><p><b>id</b>: diagnosticreport2</p><p><b>meta</b>: </p><p><b>identifier</b>: 11530231003.2015110413180000000</p><p><b>basedOn</b>: <a href="ServiceRequest-servicerequest1.html">Generated Summary: id: servicerequest1; status: active; intent: order; <span title="Codes: {http://snomed.info/sct 108252007}">Laboratory procedure</span></a></p><p><b>status</b>: final</p><p><b>category</b>: LABORATORY STUDIES <span style="background: LightGoldenRodYellow">(Details : {http://terminology.hl7.org/CodeSystem/v2-0074 code 'LAB' = 'Laboratory', given as 'laboratory'})</span></p><p><b>code</b>: HEMATOLOGY STUDIES <span style="background: LightGoldenRodYellow">(Details : {LOINC code '18723-7' = 'Hematology studies (set))</span></p><p><b>subject</b>: <a href="Patient-patient1.html">Generated Summary: id: patient1; 79121137740 (OFFICIAL), Social Beneficiary Identifier = 79121137740 (OFFICIAL), Medical record number = 45XXP0PA-4 (USUAL); active; Josephine Nessa La Paradisio ; nessa.laparadisio@belgium.be, ph: +322476792979(MOBILE), ph: +3226718655(HOME), ph: +322476799(WORK); gender: female; birthDate: 1979-12-11; <span title="Codes: {http://terminology.hl7.org/CodeSystem/v3-MaritalStatus D}, {https://www.ehealth.fgov.be/standards/fhir/CodeSystem/cd-civilstate 41}">Divorced</span></a></p><p><b>effective</b>: 11-déc.-1979 19:28:17</p><p><b>performer</b>: <a href="Organization-organization1.html">Generated Summary: id: organization1; Provider Number = 0425.222.333 (OFFICIAL), Medical License number = 999999999 (OFFICIAL); active; <span title="Codes: {https://www.ehealth.fgov.be/standards/fhir/CodeSystem/cd-hcparty orghospital}">orghospital</span>; name: Enterprise Hospital Ziekenhuis; ph: 322675199(WORK)</a></p><p><b>resultsInterpreter</b>: <a href="Organization-organization1.html">Generated Summary: id: organization1; Provider Number = 0425.222.333 (OFFICIAL), Medical License number = 999999999 (OFFICIAL); active; <span title="Codes: {https://www.ehealth.fgov.be/standards/fhir/CodeSystem/cd-hcparty orghospital}">orghospital</span>; name: Enterprise Hospital Ziekenhuis; ph: 322675199(WORK)</a></p><p><b>specimen</b>: <a href="Specimen-specimen2.html">Generated Summary: id: specimen2; 1; <span title="Codes: {http://snomed.info/sct 258529004}">Throat swab</span>; receivedTime: 04-nov.-2015 0:00:00</a></p><p><b>result</b>: </p><ul><li><a href="Observation-observation3.html">Generated Summary: id: observation3; <span title="Codes: {http://terminology.hl7.org/CodeSystem/observation-category laboratory}">laboratory studies</span>; <span title="Codes: {http://loinc.org 18769-0}">Microbial susceptibility tests Set</span>; effective: 03-févr.-2015 5:00:00</a></li><li><a href="Observation-observation4.html">Generated Summary: id: observation4; <span title="Codes: {http://terminology.hl7.org/CodeSystem/observation-category laboratory}">laboratory studies</span>; <span title="Codes: {http://loinc.org 18769-0}">Microbial susceptibility tests Set</span>; effective: 03-févr.-2015 5:00:00</a></li></ul></div>
  </text>
  <identifier>
    <system value="http://acme.com/lab/reports"/>
    <value value="11530231003.2015110413180000000"/>
  </identifier>
  <basedOn>
    <reference value="ServiceRequest/servicerequest1"/>
  </basedOn>
  <status value="final"/>
  <category>
    <coding>
      <system value="http://terminology.hl7.org/CodeSystem/v2-0074"/>
      <code value="LAB"/>
      <display value="laboratory"/>
    </coding>
    <text value="LABORATORY STUDIES"/>
  </category>
  <code>
    <coding>
      <system value="http://loinc.org"/>
      <code value="18723-7"/>
    </coding>
    <text value="HEMATOLOGY STUDIES"/>
  </code>
  <subject>
    <reference value="Patient/patient1"/>
  </subject>
  <effectiveDateTime value="1979-12-11T13:28:17-05:00"/>
  <performer>
    <reference value="Organization/organization1"/>
  </performer>
  <resultsInterpreter>
    <reference value="Organization/organization1"/>
  </resultsInterpreter>
  <specimen>
    <reference value="Specimen/specimen2"/>
  </specimen>
  <result>
    <reference value="Observation/observation3"/>
  </result>
  <result>
    <reference value="Observation/observation4"/>
  </result>
</DiagnosticReport>