<?xml version="1.0" encoding="UTF-8"?>

<ImplementationGuide xmlns="http://hl7.org/fhir">
  <id value="BeCoreImplementationGuide"/>
  <text>
    <status value="generated"/><div xmlns="http://www.w3.org/1999/xhtml"><h2>TheCoreBelgianFederalFHIRProfiles</h2><p>The official URL for this implementation guide is: </p><pre>https://www.ehealth.fgov.be/standards/fhir/ImplementationGuide/BeCoreImplementationGuide</pre><div><p>The Core Belgian Profiles provide the essential and common requirement for FHIR implementations in Belgium.</p>
</div></div>
  </text>
  <url value="https://www.ehealth.fgov.be/standards/fhir/ImplementationGuide/BeCoreImplementationGuide"/>
  <version value="1.1.0"/>
  <name value="TheCoreBelgianFederalFHIRProfiles"/>
  <title value="The Core Belgian Federal FHIR Profiles"/>
  <status value="active"/>
  <date value="2020-05-05T08:12:52+02:00"/>
  <publisher value="eHealth Platform"/>
  <contact>
    <name value="Message structure"/>
    <telecom>
      <system value="email"/>
      <value value="message-structure@ehealth.fgov.be"/>
    </telecom>
  </contact>
  <description value="The Core Belgian Profiles provide the essential and common requirement for FHIR implementations in Belgium."/>
  <packageId value="BeCoreImplementationGuide"/>
  <license value="CC0-1.0"/>
  <fhirVersion value="4.0.1"/>
  <definition>
    <extension url="http://hl7.org/fhir/tools/StructureDefinition/ig-parameter">
      <extension url="code">
        <valueString value="copyrightyear"/>
      </extension>
      <extension url="value">
        <valueString value="2020+"/>
      </extension>
    </extension>
    <extension url="http://hl7.org/fhir/tools/StructureDefinition/ig-parameter">
      <extension url="code">
        <valueString value="releaselabel"/>
      </extension>
      <extension url="value">
        <valueString value="CI Build"/>
      </extension>
    </extension>
    <extension url="http://hl7.org/fhir/tools/StructureDefinition/ig-parameter">
      <extension url="code">
        <valueString value="show-inherited-invariants"/>
      </extension>
      <extension url="value">
        <valueString value="false"/>
      </extension>
    </extension>
    <extension url="http://hl7.org/fhir/tools/StructureDefinition/ig-parameter">
      <extension url="code">
        <valueString value="path-liquid"/>
      </extension>
      <extension url="value">
        <valueString value="template/liquid"/>
      </extension>
    </extension>
    <extension url="http://hl7.org/fhir/tools/StructureDefinition/ig-parameter">
      <extension url="code">
        <valueString value="path-liquid"/>
      </extension>
      <extension url="value">
        <valueString value="input/liquid"/>
      </extension>
    </extension>
    <extension url="http://hl7.org/fhir/tools/StructureDefinition/ig-parameter">
      <extension url="code">
        <valueString value="path-qa"/>
      </extension>
      <extension url="value">
        <valueString value="temp/qa"/>
      </extension>
    </extension>
    <extension url="http://hl7.org/fhir/tools/StructureDefinition/ig-parameter">
      <extension url="code">
        <valueString value="path-temp"/>
      </extension>
      <extension url="value">
        <valueString value="temp/pages"/>
      </extension>
    </extension>
    <extension url="http://hl7.org/fhir/tools/StructureDefinition/ig-parameter">
      <extension url="code">
        <valueString value="path-output"/>
      </extension>
      <extension url="value">
        <valueString value="output"/>
      </extension>
    </extension>
    <extension url="http://hl7.org/fhir/tools/StructureDefinition/ig-parameter">
      <extension url="code">
        <valueString value="path-suppressed-warnings"/>
      </extension>
      <extension url="value">
        <valueString value="input/ignoreWarnings.txt"/>
      </extension>
    </extension>
    <extension url="http://hl7.org/fhir/tools/StructureDefinition/ig-parameter">
      <extension url="code">
        <valueString value="path-history"/>
      </extension>
      <extension url="value">
        <valueString value="https://www.ehealth.fgov.be/standards/fhir/history.html"/>
      </extension>
    </extension>
    <extension url="http://hl7.org/fhir/tools/StructureDefinition/ig-parameter">
      <extension url="code">
        <valueString value="template-html"/>
      </extension>
      <extension url="value">
        <valueString value="template-page.html"/>
      </extension>
    </extension>
    <extension url="http://hl7.org/fhir/tools/StructureDefinition/ig-parameter">
      <extension url="code">
        <valueString value="template-md"/>
      </extension>
      <extension url="value">
        <valueString value="template-page-md.html"/>
      </extension>
    </extension>
    <extension url="http://hl7.org/fhir/tools/StructureDefinition/ig-parameter">
      <extension url="code">
        <valueString value="apply-contact"/>
      </extension>
      <extension url="value">
        <valueString value="true"/>
      </extension>
    </extension>
    <extension url="http://hl7.org/fhir/tools/StructureDefinition/ig-parameter">
      <extension url="code">
        <valueString value="apply-context"/>
      </extension>
      <extension url="value">
        <valueString value="true"/>
      </extension>
    </extension>
    <extension url="http://hl7.org/fhir/tools/StructureDefinition/ig-parameter">
      <extension url="code">
        <valueString value="apply-copyright"/>
      </extension>
      <extension url="value">
        <valueString value="true"/>
      </extension>
    </extension>
    <extension url="http://hl7.org/fhir/tools/StructureDefinition/ig-parameter">
      <extension url="code">
        <valueString value="apply-jurisdiction"/>
      </extension>
      <extension url="value">
        <valueString value="true"/>
      </extension>
    </extension>
    <extension url="http://hl7.org/fhir/tools/StructureDefinition/ig-parameter">
      <extension url="code">
        <valueString value="apply-license"/>
      </extension>
      <extension url="value">
        <valueString value="true"/>
      </extension>
    </extension>
    <extension url="http://hl7.org/fhir/tools/StructureDefinition/ig-parameter">
      <extension url="code">
        <valueString value="apply-publisher"/>
      </extension>
      <extension url="value">
        <valueString value="true"/>
      </extension>
    </extension>
    <extension url="http://hl7.org/fhir/tools/StructureDefinition/ig-parameter">
      <extension url="code">
        <valueString value="apply-version"/>
      </extension>
      <extension url="value">
        <valueString value="true"/>
      </extension>
    </extension>
    <extension url="http://hl7.org/fhir/tools/StructureDefinition/ig-parameter">
      <extension url="code">
        <valueString value="active-tables"/>
      </extension>
      <extension url="value">
        <valueString value="true"/>
      </extension>
    </extension>
    <resource>
      <extension url="http://hl7.org/fhir/tools/StructureDefinition/resource-information">
        <valueString value="StructureDefinition:complex-type"/>
      </extension>
      <extension url="http://hl7.org/fhir/StructureDefinition/implementationguide-page">
        <valueUri value="StructureDefinition-be-address.html"/>
      </extension>
      <reference>
        <reference value="StructureDefinition/be-address"/>
      </reference>
      <name value="Address core BE profile"/>
      <description value="Belgian federal profile on address, to provide the possibility in the &#39;line&#39; element to provide a seperate streetname, housenumber and postal box. It is always RECOMMENDED to give these elements seperately."/>
      <exampleBoolean value="false"/>
    </resource>
    <resource>
      <extension url="http://hl7.org/fhir/tools/StructureDefinition/resource-information">
        <valueString value="StructureDefinition:resource"/>
      </extension>
      <extension url="http://hl7.org/fhir/StructureDefinition/implementationguide-page">
        <valueUri value="StructureDefinition-be-allergyintolerance.html"/>
      </extension>
      <reference>
        <reference value="StructureDefinition/be-allergyintolerance"/>
      </reference>
      <name value="Allergy Intolerance core BE profile"/>
      <description value="Belgian federal profile for an allergy and/or an intolerance. Initially based on the functional description of the NIHDI."/>
      <exampleBoolean value="false"/>
    </resource>
    <resource>
      <extension url="http://hl7.org/fhir/tools/StructureDefinition/resource-information">
        <valueString value="StructureDefinition:resource"/>
      </extension>
      <extension url="http://hl7.org/fhir/StructureDefinition/implementationguide-page">
        <valueUri value="StructureDefinition-be-diagnosticreport.html"/>
      </extension>
      <reference>
        <reference value="StructureDefinition/be-diagnosticreport"/>
      </reference>
      <name value="Disagnostic Report core BE profile"/>
      <description value="Belgian federal profile for an disagnostic report."/>
      <exampleBoolean value="false"/>
    </resource>
    <resource>
      <extension url="http://hl7.org/fhir/tools/StructureDefinition/resource-information">
        <valueString value="StructureDefinition:resource"/>
      </extension>
      <extension url="http://hl7.org/fhir/StructureDefinition/implementationguide-page">
        <valueUri value="StructureDefinition-be-mycarenetclaim.html"/>
      </extension>
      <reference>
        <reference value="StructureDefinition/be-mycarenetclaim"/>
      </reference>
      <name value="My CareNet Claim BE profile"/>
      <description value="Claim profile for use in the different eAgreement flow from MyCareNet."/>
      <exampleBoolean value="false"/>
    </resource>
    <resource>
      <extension url="http://hl7.org/fhir/tools/StructureDefinition/resource-information">
        <valueString value="StructureDefinition:resource"/>
      </extension>
      <extension url="http://hl7.org/fhir/StructureDefinition/implementationguide-page">
        <valueUri value="StructureDefinition-be-mycareneteagreementdemand.html"/>
      </extension>
      <reference>
        <reference value="StructureDefinition/be-mycareneteagreementdemand"/>
      </reference>
      <name value="My CareNet eAgreement Demand Bundle BE profile"/>
      <description value="The profile for the demand for an agreement."/>
      <exampleBoolean value="false"/>
    </resource>
    <resource>
      <extension url="http://hl7.org/fhir/tools/StructureDefinition/resource-information">
        <valueString value="StructureDefinition:resource"/>
      </extension>
      <extension url="http://hl7.org/fhir/StructureDefinition/implementationguide-page">
        <valueUri value="StructureDefinition-be-mycareneteagreementmessageheader.html"/>
      </extension>
      <reference>
        <reference value="StructureDefinition/be-mycareneteagreementmessageheader"/>
      </reference>
      <name value="My CareNet eAgreement MessageHeader BE profile"/>
      <description value="This is the generic MessageHeader profile for use in the different eAgreement flows from MyCareNet."/>
      <exampleBoolean value="false"/>
    </resource>
    <resource>
      <extension url="http://hl7.org/fhir/tools/StructureDefinition/resource-information">
        <valueString value="StructureDefinition:resource"/>
      </extension>
      <extension url="http://hl7.org/fhir/StructureDefinition/implementationguide-page">
        <valueUri value="StructureDefinition-be-observation.html"/>
      </extension>
      <reference>
        <reference value="StructureDefinition/be-observation"/>
      </reference>
      <name value="Observation core BE profile"/>
      <description value="Belgian federal profile for an observation. Initially based on the functional description of the NIHDI. As Observation is used in many instances in FHIR, &#xA;please refer to the HL7 specs of the base resource for guidance around expression of actual values using UCUM, methods, location on body etc.&#xA;Special remarks for KMEHR users: The FHIR Observation resource captures many things that are in a KMEHR message structured as an &#39;item&#39;. &#xA;This includes things like &#39;vital signs such as body weight, blood pressure, and temperature [&#x2026;], personal characteristics such as eye-color [&#x2026;] social history like tobacco use, family support, &#xA;or cognitive status [&#x2026;]&#39; ( https://www.hl7.org/fhir/R4/observation.html ) For some of these things, HL7 already has worked out profiles and they SHALL be used when such a use case is needed. &#xA;Specifically, projects SHALL take note of the existing profiles described on https://www.hl7.org/fhir/R4/observation-vitalsigns.html."/>
      <exampleBoolean value="false"/>
    </resource>
    <resource>
      <extension url="http://hl7.org/fhir/tools/StructureDefinition/resource-information">
        <valueString value="StructureDefinition:complex-type"/>
      </extension>
      <extension url="http://hl7.org/fhir/StructureDefinition/implementationguide-page">
        <valueUri value="StructureDefinition-be-observationcodeableconcept.html"/>
      </extension>
      <reference>
        <reference value="StructureDefinition/be-observationcodeableconcept"/>
      </reference>
      <name value="Observation codeable concept core BE profile"/>
      <description value="This is a supporting profile, only to give guidelines how to express a few of the typical coding systems. In general, it shall be noted SNOMED-CT is the preferred national terminology. &#xA;Other coding systems remain allowed or MAY be preferred in specific flows (e.g. the use of LOINC codes to express a laboratory test.)"/>
      <exampleBoolean value="false"/>
    </resource>
    <resource>
      <extension url="http://hl7.org/fhir/tools/StructureDefinition/resource-information">
        <valueString value="StructureDefinition:resource"/>
      </extension>
      <extension url="http://hl7.org/fhir/StructureDefinition/implementationguide-page">
        <valueUri value="StructureDefinition-be-organization.html"/>
      </extension>
      <reference>
        <reference value="StructureDefinition/be-organization"/>
      </reference>
      <name value="Organization core BE profile"/>
      <description value="Belgian federal profile for an organization. Initially based on the functional description of the NIHDI."/>
      <exampleBoolean value="false"/>
    </resource>
    <resource>
      <extension url="http://hl7.org/fhir/tools/StructureDefinition/resource-information">
        <valueString value="StructureDefinition:resource"/>
      </extension>
      <extension url="http://hl7.org/fhir/StructureDefinition/implementationguide-page">
        <valueUri value="StructureDefinition-be-patient.html"/>
      </extension>
      <reference>
        <reference value="StructureDefinition/be-patient"/>
      </reference>
      <name value="Patient core BE profile"/>
      <description value="Belgian federal profile for a patient. Initially based on the functional description of the NIHDI. Special remarks for KMEHR users: following elements in KMEHR are not available in this FHIR resource. &#xA;If needed, an extension can be defined in a future iteration of these specifications: the &#39;deathlocation&#39; (location is not available but the death of the patient is expressed by either date or Boolean cfr. infra.),&#xA;the &#39;insurancystatus&#39; (covered in a seperate FHIR resource: Coverage), &#39;insurancymembership&#39; (covered in a seperate FHIR resource: Coverage) and &#39;profession&#39; (covered in a possible future FHIR resource: OccupationalData.)"/>
      <exampleBoolean value="false"/>
    </resource>
    <resource>
      <extension url="http://hl7.org/fhir/tools/StructureDefinition/resource-information">
        <valueString value="StructureDefinition:resource"/>
      </extension>
      <extension url="http://hl7.org/fhir/StructureDefinition/implementationguide-page">
        <valueUri value="StructureDefinition-be-practitioner.html"/>
      </extension>
      <reference>
        <reference value="StructureDefinition/be-practitioner"/>
      </reference>
      <name value="Practitioner core BE profile"/>
      <description value="Belgian federal profile for a practitioner. Initially based on the functional description of the NIHDI."/>
      <exampleBoolean value="false"/>
    </resource>
    <resource>
      <extension url="http://hl7.org/fhir/tools/StructureDefinition/resource-information">
        <valueString value="StructureDefinition:resource"/>
      </extension>
      <extension url="http://hl7.org/fhir/StructureDefinition/implementationguide-page">
        <valueUri value="StructureDefinition-be-practitionerrole.html"/>
      </extension>
      <reference>
        <reference value="StructureDefinition/be-practitionerrole"/>
      </reference>
      <name value="Practitioner Role core BE profile"/>
      <description value="Belgian federal profile for a practitioner role. Initially based on the functional description of the NIHDI."/>
      <exampleBoolean value="false"/>
    </resource>
    <resource>
      <extension url="http://hl7.org/fhir/tools/StructureDefinition/resource-information">
        <valueString value="StructureDefinition:resource"/>
      </extension>
      <extension url="http://hl7.org/fhir/StructureDefinition/implementationguide-page">
        <valueUri value="StructureDefinition-be-provenance.html"/>
      </extension>
      <reference>
        <reference value="StructureDefinition/be-provenance"/>
      </reference>
      <name value="Provenance core BE profile"/>
      <description value="Belgian federal profile for a provenance. Note this profile does not introduce any changes from the base profile but has been created to mark its importance, &#xA;specifically when FHIR is used in a non-document approach. General use case remarks: &#39;Provenance of a resource is a record that describes entities and processes involved in producing and delivering or &#xA;otherwise influencing that resource.&#39; (cfr. the HL7 base specifications) According to the FHIR specifications, the provenance resource SHALL only be provided when no other resource already plays this role: &#xA;for a Patient it SHOULD be its managing organization, provenance of an Observation SHOULD be its performer, provenance of an AllergyIntolerance SHOULD be its recorder. &#xA;&#39;Many other FHIR resources contain some elements that represent information about how the resource was obtained, and therefore they overlap with the functionality of the Provenance.&#39; &#xA;Special remarks for KMEHR users: The FHIR Provenance resource in general refers to an entity that had something to do with the creation or updating of something else. In a KMEHR context, &#xA;this is somewhat different &#x2013; as it is &#x2018;XML document&#x2019; based, each KMEHR message has an &#39;author&#39; element that is responsible."/>
      <exampleBoolean value="false"/>
    </resource>
    <resource>
      <extension url="http://hl7.org/fhir/tools/StructureDefinition/resource-information">
        <valueString value="StructureDefinition:resource"/>
      </extension>
      <extension url="http://hl7.org/fhir/StructureDefinition/implementationguide-page">
        <valueUri value="StructureDefinition-be-servicerequest.html"/>
      </extension>
      <reference>
        <reference value="StructureDefinition/be-servicerequest"/>
      </reference>
      <name value="Service Request core BE profile"/>
      <description value="Belgian federal profile for an Service Request."/>
      <exampleBoolean value="false"/>
    </resource>
    <resource>
      <extension url="http://hl7.org/fhir/tools/StructureDefinition/resource-information">
        <valueString value="ValueSet"/>
      </extension>
      <extension url="http://hl7.org/fhir/StructureDefinition/implementationguide-page">
        <valueUri value="ValueSet-be-allergyintolerancecode.html"/>
      </extension>
      <reference>
        <reference value="ValueSet/be-allergyintolerancecode"/>
      </reference>
      <name value="ValueSet allergy intolerance code"/>
      <description value="Codes as communicated by NIHDI and the FOD Terminology Center differentiating types of allergy intolerance codes. This valueset supports the Belgian federal FHIR profiling effort."/>
      <exampleBoolean value="false"/>
    </resource>
    <resource>
      <extension url="http://hl7.org/fhir/tools/StructureDefinition/resource-information">
        <valueString value="ValueSet"/>
      </extension>
      <extension url="http://hl7.org/fhir/StructureDefinition/implementationguide-page">
        <valueUri value="ValueSet-be-causativeagent.html"/>
      </extension>
      <reference>
        <reference value="ValueSet/be-causativeagent"/>
      </reference>
      <name value="ValueSet causative agent"/>
      <description value="Codes as communicated by NIHDI and the FPS Terminology Center differentiating types of causative agent. This valueset supports the Belgian federal FHIR profiling effort."/>
      <exampleBoolean value="false"/>
    </resource>
    <resource>
      <extension url="http://hl7.org/fhir/tools/StructureDefinition/resource-information">
        <valueString value="ValueSet"/>
      </extension>
      <extension url="http://hl7.org/fhir/StructureDefinition/implementationguide-page">
        <valueUri value="ValueSet-be-civilstate.html"/>
      </extension>
      <reference>
        <reference value="ValueSet/be-civilstate"/>
      </reference>
      <name value="ValueSet civil state"/>
      <description value="Codes supported by eHealth Platform differentiating types of civil state. This valueset supports the Belgian federal FHIR profiling effort. &#xA;Whenever possible add a code from http://terminology.hl7.org/CodeSystem/v3-MaritalStatus for international interoperability but also use https://www.ehealth.fgov.be/standards/fhir/CodeSystem/CD-CIVILSTATE &#xA;for the Belgian specific code."/>
      <exampleBoolean value="false"/>
    </resource>
    <resource>
      <extension url="http://hl7.org/fhir/tools/StructureDefinition/resource-information">
        <valueString value="ValueSet"/>
      </extension>
      <extension url="http://hl7.org/fhir/StructureDefinition/implementationguide-page">
        <valueUri value="ValueSet-be-contactperson.html"/>
      </extension>
      <reference>
        <reference value="ValueSet/be-contactperson"/>
      </reference>
      <name value="ValueSet contact person"/>
      <description value="Maximum valuest to define category of a contact person, using the HL7 values and the Belgian CD-CONTACT-PERSON values."/>
      <exampleBoolean value="false"/>
    </resource>
    <resource>
      <extension url="http://hl7.org/fhir/tools/StructureDefinition/resource-information">
        <valueString value="ValueSet"/>
      </extension>
      <extension url="http://hl7.org/fhir/StructureDefinition/implementationguide-page">
        <valueUri value="ValueSet-be-exposureroute.html"/>
      </extension>
      <reference>
        <reference value="ValueSet/be-exposureroute"/>
      </reference>
      <name value="ValueSet exposureroute"/>
      <description value="Codes to illustrate differentiating types of exposure route. This valueset supports the Belgian federal FHIR profiling effort."/>
      <exampleBoolean value="false"/>
    </resource>
    <resource>
      <extension url="http://hl7.org/fhir/tools/StructureDefinition/resource-information">
        <valueString value="ValueSet"/>
      </extension>
      <extension url="http://hl7.org/fhir/StructureDefinition/implementationguide-page">
        <valueUri value="ValueSet-be-beproductorservice.html"/>
      </extension>
      <reference>
        <reference value="ValueSet/be-beproductorservice"/>
      </reference>
      <name value="ValueSet productor service"/>
      <description value="NIHDI codes for use to describe eAgreement products or services in the MyCareNet eAgreement flows."/>
      <exampleBoolean value="false"/>
    </resource>
    <resource>
      <extension url="http://hl7.org/fhir/tools/StructureDefinition/resource-information">
        <valueString value="ValueSet"/>
      </extension>
      <extension url="http://hl7.org/fhir/StructureDefinition/implementationguide-page">
        <valueUri value="ValueSet-be-riskmanifestation.html"/>
      </extension>
      <reference>
        <reference value="ValueSet/be-riskmanifestation"/>
      </reference>
      <name value="ValueSet risk manifestation"/>
      <description value="Codes as communicated by NIHDI and the FPS Terminology Center differentiating types of risk manifestation. This valueset supports the Belgian federal FHIR profiling effort."/>
      <exampleBoolean value="false"/>
    </resource>
    <resource>
      <extension url="http://hl7.org/fhir/tools/StructureDefinition/resource-information">
        <valueString value="CodeSystem"/>
      </extension>
      <extension url="http://hl7.org/fhir/StructureDefinition/implementationguide-page">
        <valueUri value="CodeSystem-cd-civilstate.html"/>
      </extension>
      <reference>
        <reference value="CodeSystem/cd-civilstate"/>
      </reference>
      <name value="CodeSystem CD-CIVILSTATE"/>
      <description value="Civil state in Belgium."/>
      <exampleBoolean value="false"/>
    </resource>
    <resource>
      <extension url="http://hl7.org/fhir/tools/StructureDefinition/resource-information">
        <valueString value="CodeSystem"/>
      </extension>
      <extension url="http://hl7.org/fhir/StructureDefinition/implementationguide-page">
        <valueUri value="CodeSystem-cd-contact-person.html"/>
      </extension>
      <reference>
        <reference value="CodeSystem/cd-contact-person"/>
      </reference>
      <name value="CodeSystem CD-CONTACT-PERSON"/>
      <description value="Contact person"/>
      <exampleBoolean value="false"/>
    </resource>
    <resource>
      <extension url="http://hl7.org/fhir/tools/StructureDefinition/resource-information">
        <valueString value="CodeSystem"/>
      </extension>
      <extension url="http://hl7.org/fhir/StructureDefinition/implementationguide-page">
        <valueUri value="CodeSystem-cd-fed-country.html"/>
      </extension>
      <reference>
        <reference value="CodeSystem/cd-fed-country"/>
      </reference>
      <name value="CodeSystem CD-FED-COUNTRY"/>
      <description value="FedICT country codes."/>
      <exampleBoolean value="false"/>
    </resource>
    <resource>
      <extension url="http://hl7.org/fhir/tools/StructureDefinition/resource-information">
        <valueString value="CodeSystem"/>
      </extension>
      <extension url="http://hl7.org/fhir/StructureDefinition/implementationguide-page">
        <valueUri value="CodeSystem-cd-hcparty.html"/>
      </extension>
      <reference>
        <reference value="CodeSystem/cd-hcparty"/>
      </reference>
      <name value="CodeSystem CD-HCPARTY"/>
      <description value="healthcare party in Belgium."/>
      <exampleBoolean value="false"/>
    </resource>
    <resource>
      <extension url="http://hl7.org/fhir/tools/StructureDefinition/resource-information">
        <valueString value="CodeSystem"/>
      </extension>
      <extension url="http://hl7.org/fhir/StructureDefinition/implementationguide-page">
        <valueUri value="CodeSystem-agreement-types.html"/>
      </extension>
      <reference>
        <reference value="CodeSystem/agreement-types"/>
      </reference>
      <name value="CodeSystem agreement types"/>
      <description value="Agreement types for MyCareNet flows. Not all codes are defined here, a full list can be found on mycarenet.be"/>
      <exampleBoolean value="false"/>
    </resource>
    <resource>
      <extension url="http://hl7.org/fhir/tools/StructureDefinition/resource-information">
        <valueString value="CodeSystem"/>
      </extension>
      <extension url="http://hl7.org/fhir/StructureDefinition/implementationguide-page">
        <valueUri value="CodeSystem-message-events.html"/>
      </extension>
      <reference>
        <reference value="CodeSystem/message-events"/>
      </reference>
      <name value="CodeSystem message events"/>
      <description value="Message events for MyCareNet flows.Not all codes are defined here, a full list can be found on mycarenet.be"/>
      <exampleBoolean value="false"/>
    </resource>
    <resource>
      <extension url="http://hl7.org/fhir/tools/StructureDefinition/resource-information">
        <valueString value="CodeSystem"/>
      </extension>
      <extension url="http://hl7.org/fhir/StructureDefinition/implementationguide-page">
        <valueUri value="CodeSystem-nihdi-legal-physiotherapy-fa.html"/>
      </extension>
      <reference>
        <reference value="CodeSystem/nihdi-legal-physiotherapy-fa"/>
      </reference>
      <name value="CodeSystem NIHDILegalPhysiotherapyFa"/>
      <description value="Legal pathology codes as defined by NIHDI to be used in the pathology registration flows of MyCareNet. These values are managed by NIHDI. &#xD;&#xA;&#x9;The codes are not defined here. Consult the cookbooks on mycarenet.be for concrete usage intstrcutions."/>
      <exampleBoolean value="false"/>
    </resource>
    <resource>
      <extension url="http://hl7.org/fhir/tools/StructureDefinition/resource-information">
        <valueString value="AllergyIntolerance"/>
      </extension>
      <extension url="http://hl7.org/fhir/StructureDefinition/implementationguide-page">
        <valueUri value="AllergyIntolerance-allergyIntolerance1.html"/>
      </extension>
      <reference>
        <reference value="AllergyIntolerance/allergyIntolerance1"/>
      </reference>
      <name value="AllergyIntolerance 1"/>
      <description value="AllergyIntolerance 1"/>
      <exampleCanonical value="https://www.ehealth.fgov.be/standards/fhir/StructureDefinition/be-allergyintolerance"/>
    </resource>
    <resource>
      <extension url="http://hl7.org/fhir/tools/StructureDefinition/resource-information">
        <valueString value="NamingSystem"/>
      </extension>
      <extension url="http://hl7.org/fhir/StructureDefinition/implementationguide-page">
        <valueUri value="NamingSystem-be-cbe.html"/>
      </extension>
      <reference>
        <reference value="NamingSystem/be-cbe"/>
      </reference>
      <name value="NamingSystem CBE"/>
      <description value="The CBE naming system"/>
      <exampleBoolean value="false"/>
    </resource>
    <resource>
      <extension url="http://hl7.org/fhir/tools/StructureDefinition/resource-information">
        <valueString value="NamingSystem"/>
      </extension>
      <extension url="http://hl7.org/fhir/StructureDefinition/implementationguide-page">
        <valueUri value="NamingSystem-be-ehp.html"/>
      </extension>
      <reference>
        <reference value="NamingSystem/be-ehp"/>
      </reference>
      <name value="NamingSystem EHP"/>
      <description value="The EHP naming system"/>
      <exampleBoolean value="false"/>
    </resource>
    <resource>
      <extension url="http://hl7.org/fhir/tools/StructureDefinition/resource-information">
        <valueString value="NamingSystem"/>
      </extension>
      <extension url="http://hl7.org/fhir/StructureDefinition/implementationguide-page">
        <valueUri value="NamingSystem-be-nihdi.html"/>
      </extension>
      <reference>
        <reference value="NamingSystem/be-nihdi"/>
      </reference>
      <name value="NamingSystem NIHDI"/>
      <description value="The NIHDI naming system"/>
      <exampleBoolean value="false"/>
    </resource>
    <resource>
      <extension url="http://hl7.org/fhir/tools/StructureDefinition/resource-information">
        <valueString value="ValueSet"/>
      </extension>
      <extension url="http://hl7.org/fhir/StructureDefinition/implementationguide-page">
        <valueUri value="ValueSet-be-noallergy.html"/>
      </extension>
      <reference>
        <reference value="ValueSet/be-noallergy"/>
      </reference>
      <name value="ValueSet no allergies"/>
      <description value="Codes as communicated by the FOD Terminology Center differentiating types of no allergies. This valueset supports the Belgian federal FHIR profiling effort."/>
      <exampleBoolean value="false"/>
    </resource>
    <resource>
      <extension url="http://hl7.org/fhir/tools/StructureDefinition/resource-information">
        <valueString value="NamingSystem"/>
      </extension>
      <extension url="http://hl7.org/fhir/StructureDefinition/implementationguide-page">
        <valueUri value="NamingSystem-be-ssin.html"/>
      </extension>
      <reference>
        <reference value="NamingSystem/be-ssin"/>
      </reference>
      <name value="NamingSystem SSIN"/>
      <description value="The SSIN naming system"/>
      <exampleBoolean value="false"/>
    </resource>
    <resource>
      <extension url="http://hl7.org/fhir/tools/StructureDefinition/resource-information">
        <valueString value="Claim"/>
      </extension>
      <extension url="http://hl7.org/fhir/StructureDefinition/implementationguide-page">
        <valueUri value="Claim-bemycarenetclaim1.html"/>
      </extension>
      <reference>
        <reference value="Claim/bemycarenetclaim1"/>
      </reference>
      <name value="BeMyCareNetClaim 1"/>
      <description value="BeMyCareNetClaim 1"/>
      <exampleCanonical value="https://www.ehealth.fgov.be/standards/fhir/StructureDefinition/be-mycarenetclaim"/>
    </resource>
    <resource>
      <extension url="http://hl7.org/fhir/tools/StructureDefinition/resource-information">
        <valueString value="Bundle"/>
      </extension>
      <extension url="http://hl7.org/fhir/StructureDefinition/implementationguide-page">
        <valueUri value="Bundle-bemycareneteagreementdemand1.html"/>
      </extension>
      <reference>
        <reference value="Bundle/bemycareneteagreementdemand1"/>
      </reference>
      <name value="BeMyCareNetEAgreementDemand 1"/>
      <description value="BeMyCareNetEAgreementDemand 1"/>
      <exampleCanonical value="https://www.ehealth.fgov.be/standards/fhir/StructureDefinition/be-mycareneteagreementdemand"/>
    </resource>
    <resource>
      <extension url="http://hl7.org/fhir/tools/StructureDefinition/resource-information">
        <valueString value="MessageHeader"/>
      </extension>
      <extension url="http://hl7.org/fhir/StructureDefinition/implementationguide-page">
        <valueUri value="MessageHeader-bemycareneteagreementmessageheader1.html"/>
      </extension>
      <reference>
        <reference value="MessageHeader/bemycareneteagreementmessageheader1"/>
      </reference>
      <name value="BeMyCareNetEAgreementMessageHeader 1"/>
      <description value="BeMyCareNetEAgreementMessageHeader 1"/>
      <exampleCanonical value="https://www.ehealth.fgov.be/standards/fhir/StructureDefinition/be-mycareneteagreementmessageheader"/>
    </resource>
    <resource>
      <extension url="http://hl7.org/fhir/tools/StructureDefinition/resource-information">
        <valueString value="Bundle"/>
      </extension>
      <extension url="http://hl7.org/fhir/StructureDefinition/implementationguide-page">
        <valueUri value="Bundle-bundle1.html"/>
      </extension>
      <reference>
        <reference value="Bundle/bundle1"/>
      </reference>
      <name value="Bundle 1"/>
      <description value="Bundle 1"/>
      <exampleBoolean value="true"/>
    </resource>
    <resource>
      <extension url="http://hl7.org/fhir/tools/StructureDefinition/resource-information">
        <valueString value="Coverage"/>
      </extension>
      <extension url="http://hl7.org/fhir/StructureDefinition/implementationguide-page">
        <valueUri value="Coverage-coverage1.html"/>
      </extension>
      <reference>
        <reference value="Coverage/coverage1"/>
      </reference>
      <name value="coverage 1"/>
      <description value="coverage 1"/>
      <exampleBoolean value="true"/>
    </resource>
    <resource>
      <extension url="http://hl7.org/fhir/tools/StructureDefinition/resource-information">
        <valueString value="DiagnosticReport"/>
      </extension>
      <extension url="http://hl7.org/fhir/StructureDefinition/implementationguide-page">
        <valueUri value="DiagnosticReport-diagnosticreport1.html"/>
      </extension>
      <reference>
        <reference value="DiagnosticReport/diagnosticreport1"/>
      </reference>
      <name value="DiagnosticReport 1"/>
      <description value="DiagnosticReport 1"/>
      <exampleCanonical value="https://www.ehealth.fgov.be/standards/fhir/StructureDefinition/be-diagnosticreport"/>
    </resource>
    <resource>
      <extension url="http://hl7.org/fhir/tools/StructureDefinition/resource-information">
        <valueString value="DiagnosticReport"/>
      </extension>
      <extension url="http://hl7.org/fhir/StructureDefinition/implementationguide-page">
        <valueUri value="DiagnosticReport-diagnosticreport2.html"/>
      </extension>
      <reference>
        <reference value="DiagnosticReport/diagnosticreport2"/>
      </reference>
      <name value="DiagnosticReport 2"/>
      <description value="DiagnosticReport 2"/>
      <exampleCanonical value="https://www.ehealth.fgov.be/standards/fhir/StructureDefinition/be-diagnosticreport"/>
    </resource>
    <resource>
      <extension url="http://hl7.org/fhir/tools/StructureDefinition/resource-information">
        <valueString value="Observation"/>
      </extension>
      <extension url="http://hl7.org/fhir/StructureDefinition/implementationguide-page">
        <valueUri value="Observation-observation1.html"/>
      </extension>
      <reference>
        <reference value="Observation/observation1"/>
      </reference>
      <name value="Observation 1"/>
      <description value="Observation 1"/>
      <exampleCanonical value="https://www.ehealth.fgov.be/standards/fhir/StructureDefinition/be-observation"/>
    </resource>
    <resource>
      <extension url="http://hl7.org/fhir/tools/StructureDefinition/resource-information">
        <valueString value="Observation"/>
      </extension>
      <extension url="http://hl7.org/fhir/StructureDefinition/implementationguide-page">
        <valueUri value="Observation-observation2.html"/>
      </extension>
      <reference>
        <reference value="Observation/observation2"/>
      </reference>
      <name value="Observation 2"/>
      <description value="Observation 2"/>
      <exampleCanonical value="https://www.ehealth.fgov.be/standards/fhir/StructureDefinition/be-observation"/>
    </resource>
    <resource>
      <extension url="http://hl7.org/fhir/tools/StructureDefinition/resource-information">
        <valueString value="Observation"/>
      </extension>
      <extension url="http://hl7.org/fhir/StructureDefinition/implementationguide-page">
        <valueUri value="Observation-observation3.html"/>
      </extension>
      <reference>
        <reference value="Observation/observation3"/>
      </reference>
      <name value="Observation 3"/>
      <description value="Observation 3"/>
      <exampleCanonical value="https://www.ehealth.fgov.be/standards/fhir/StructureDefinition/be-observation"/>
    </resource>
    <resource>
      <extension url="http://hl7.org/fhir/tools/StructureDefinition/resource-information">
        <valueString value="Observation"/>
      </extension>
      <extension url="http://hl7.org/fhir/StructureDefinition/implementationguide-page">
        <valueUri value="Observation-observation4.html"/>
      </extension>
      <reference>
        <reference value="Observation/observation4"/>
      </reference>
      <name value="Observation 4"/>
      <description value="Observation 4"/>
      <exampleCanonical value="https://www.ehealth.fgov.be/standards/fhir/StructureDefinition/be-observation"/>
    </resource>
    <resource>
      <extension url="http://hl7.org/fhir/tools/StructureDefinition/resource-information">
        <valueString value="Organization"/>
      </extension>
      <extension url="http://hl7.org/fhir/StructureDefinition/implementationguide-page">
        <valueUri value="Organization-organization1.html"/>
      </extension>
      <reference>
        <reference value="Organization/organization1"/>
      </reference>
      <name value="Organization 1"/>
      <description value="Organization 1"/>
      <exampleCanonical value="https://www.ehealth.fgov.be/standards/fhir/StructureDefinition/be-organization"/>
    </resource>
    <resource>
      <extension url="http://hl7.org/fhir/tools/StructureDefinition/resource-information">
        <valueString value="Patient"/>
      </extension>
      <extension url="http://hl7.org/fhir/StructureDefinition/implementationguide-page">
        <valueUri value="Patient-patient1.html"/>
      </extension>
      <reference>
        <reference value="Patient/patient1"/>
      </reference>
      <name value="Patient 1"/>
      <description value="Patient 1"/>
      <exampleCanonical value="https://www.ehealth.fgov.be/standards/fhir/StructureDefinition/be-patient"/>
    </resource>
    <resource>
      <extension url="http://hl7.org/fhir/tools/StructureDefinition/resource-information">
        <valueString value="Practitioner"/>
      </extension>
      <extension url="http://hl7.org/fhir/StructureDefinition/implementationguide-page">
        <valueUri value="Practitioner-practitioner1.html"/>
      </extension>
      <reference>
        <reference value="Practitioner/practitioner1"/>
      </reference>
      <name value="Practitioner 1"/>
      <description value="Practitioner 1"/>
      <exampleCanonical value="https://www.ehealth.fgov.be/standards/fhir/StructureDefinition/be-practitioner"/>
    </resource>
    <resource>
      <extension url="http://hl7.org/fhir/tools/StructureDefinition/resource-information">
        <valueString value="PractitionerRole"/>
      </extension>
      <extension url="http://hl7.org/fhir/StructureDefinition/implementationguide-page">
        <valueUri value="PractitionerRole-practitionerrole1.html"/>
      </extension>
      <reference>
        <reference value="PractitionerRole/practitionerrole1"/>
      </reference>
      <name value="Practitioner role 1"/>
      <description value="Practitioner role 1"/>
      <exampleCanonical value="https://www.ehealth.fgov.be/standards/fhir/StructureDefinition/be-practitionerrole"/>
    </resource>
    <resource>
      <extension url="http://hl7.org/fhir/tools/StructureDefinition/resource-information">
        <valueString value="Provenance"/>
      </extension>
      <extension url="http://hl7.org/fhir/StructureDefinition/implementationguide-page">
        <valueUri value="Provenance-provenance1.html"/>
      </extension>
      <reference>
        <reference value="Provenance/provenance1"/>
      </reference>
      <name value="Provenance 1"/>
      <description value="Provenance 1"/>
      <exampleCanonical value="https://www.ehealth.fgov.be/standards/fhir/StructureDefinition/be-provenance"/>
    </resource>
    <resource>
      <extension url="http://hl7.org/fhir/tools/StructureDefinition/resource-information">
        <valueString value="ServiceRequest"/>
      </extension>
      <extension url="http://hl7.org/fhir/StructureDefinition/implementationguide-page">
        <valueUri value="ServiceRequest-servicerequest1.html"/>
      </extension>
      <reference>
        <reference value="ServiceRequest/servicerequest1"/>
      </reference>
      <name value="ServiceRequest 1"/>
      <description value="ServiceRequest 1"/>
      <exampleCanonical value="https://www.ehealth.fgov.be/standards/fhir/StructureDefinition/be-servicerequest"/>
    </resource>
    <resource>
      <extension url="http://hl7.org/fhir/tools/StructureDefinition/resource-information">
        <valueString value="Specimen"/>
      </extension>
      <extension url="http://hl7.org/fhir/StructureDefinition/implementationguide-page">
        <valueUri value="Specimen-specimen1.html"/>
      </extension>
      <reference>
        <reference value="Specimen/specimen1"/>
      </reference>
      <name value="Specimen 1"/>
      <description value="Specimen 1"/>
      <exampleBoolean value="true"/>
    </resource>
    <resource>
      <extension url="http://hl7.org/fhir/tools/StructureDefinition/resource-information">
        <valueString value="Specimen"/>
      </extension>
      <extension url="http://hl7.org/fhir/StructureDefinition/implementationguide-page">
        <valueUri value="Specimen-specimen2.html"/>
      </extension>
      <reference>
        <reference value="Specimen/specimen2"/>
      </reference>
      <name value="Specimen 2"/>
      <description value="Specimen 2"/>
      <exampleBoolean value="true"/>
    </resource>
    <resource>
      <extension url="http://hl7.org/fhir/tools/StructureDefinition/resource-information">
        <valueString value="Specimen"/>
      </extension>
      <extension url="http://hl7.org/fhir/StructureDefinition/implementationguide-page">
        <valueUri value="Specimen-specimen3.html"/>
      </extension>
      <reference>
        <reference value="Specimen/specimen3"/>
      </reference>
      <name value="Specimen 3"/>
      <description value="Specimen 3"/>
      <exampleBoolean value="true"/>
    </resource>
    <resource>
      <extension url="http://hl7.org/fhir/tools/StructureDefinition/resource-information">
        <valueString value="Specimen"/>
      </extension>
      <extension url="http://hl7.org/fhir/StructureDefinition/implementationguide-page">
        <valueUri value="Specimen-specimen4.html"/>
      </extension>
      <reference>
        <reference value="Specimen/specimen4"/>
      </reference>
      <name value="Specimen 4"/>
      <description value="Specimen 4"/>
      <exampleBoolean value="true"/>
    </resource>
    <page>
      <nameUrl value="toc.html"/>
      <title value="Table of Contents"/>
      <generation value="html"/>
      <page>
        <nameUrl value="index.html"/>
        <title value="Home"/>
        <generation value="html"/>
      </page>
      <page>
        <nameUrl value="guidance.html"/>
        <title value="Guidance"/>
        <generation value="html"/>
      </page>
      <page>
        <nameUrl value="conventions.html"/>
        <title value="Conventions"/>
        <generation value="markdown"/>
      </page>
      <page>
        <nameUrl value="downloads.html"/>
        <title value="Downloads"/>
        <generation value="html"/>
      </page>
      <page>
        <nameUrl value="changes.html"/>
        <title value="Changes"/>
        <generation value="html"/>
      </page>
    </page>
    <parameter>
      <code value="path-resource"/>
      <value value="input/capabilities"/>
    </parameter>
    <parameter>
      <code value="path-resource"/>
      <value value="input/examples"/>
    </parameter>
    <parameter>
      <code value="path-resource"/>
      <value value="input/extensions"/>
    </parameter>
    <parameter>
      <code value="path-resource"/>
      <value value="input/models"/>
    </parameter>
    <parameter>
      <code value="path-resource"/>
      <value value="input/operations"/>
    </parameter>
    <parameter>
      <code value="path-resource"/>
      <value value="input/profiles"/>
    </parameter>
    <parameter>
      <code value="path-resource"/>
      <value value="input/resources"/>
    </parameter>
    <parameter>
      <code value="path-resource"/>
      <value value="input/vocabulary"/>
    </parameter>
    <parameter>
      <code value="path-resource"/>
      <value value="input/maps"/>
    </parameter>
    <parameter>
      <code value="path-pages"/>
      <value value="template/config"/>
    </parameter>
    <parameter>
      <code value="path-pages"/>
      <value value="input/images"/>
    </parameter>
    <parameter>
      <code value="path-tx-cache"/>
      <value value="input-cache/txcache"/>
    </parameter>
  </definition>
</ImplementationGuide>