<?xml version="1.0" encoding="UTF-8"?>

<Observation xmlns="http://hl7.org/fhir">
  <id value="observation1"/>
  <meta>
    <profile value="https://www.ehealth.fgov.be/standards/fhir/StructureDefinition/be-observation"/>
  </meta>
  <text>
    <status value="generated"/><div xmlns="http://www.w3.org/1999/xhtml"><p><b>Generated Narrative with Details</b></p><p><b>id</b>: observation1</p><p><b>meta</b>: </p><p><b>status</b>: final</p><p><b>category</b>: Vital Signs <span style="background: LightGoldenRodYellow">(Details : {http://terminology.hl7.org/CodeSystem/observation-category code 'vital-signs' = 'Vital Signs', given as 'Vital Signs'})</span></p><p><b>code</b>: Heart rate <span style="background: LightGoldenRodYellow">(Details : {LOINC code '8867-4' = 'Heart rate', given as 'Heart rate'}; {SNOMED CT code '364075005' = 'Heart rate', given as 'Heart rate (observable entity)'}; {http://my-own-custom-codes code 'H-RATE' = 'H-RATE', given as 'Heart rate'})</span></p><p><b>subject</b>: <a href="Patient/example">Patient/example</a></p><p><b>effective</b>: 02-juil.-1999 0:00:00</p><p><b>performer</b>: <a href="Practitioner/example">Practitioner/example</a></p><p><b>value</b>: 44 beats/minute<span style="background: LightGoldenRodYellow"> (Details: UCUM code /min = '/min')</span></p></div>
  </text>
  <status value="final"/>
  <category>
    <coding>
      <system value="http://terminology.hl7.org/CodeSystem/observation-category"/>
      <code value="vital-signs"/>
      <display value="Vital Signs"/>
    </coding>
    <text value="Vital Signs"/>
  </category>
  <code>
    <coding>
      <system value="http://loinc.org"/>
      <code value="8867-4"/>
      <display value="Heart rate"/>
    </coding>
    <coding>
      <system value="http://snomed.info/sct"/>
      <code value="364075005"/>
      <display value="Heart rate (observable entity)"/>
    </coding>
    <coding>
      <system value="http://my-own-custom-codes"/>
      <code value="H-RATE"/>
      <display value="Heart rate"/>
    </coding>
    <text value="Heart rate"/>
  </code>
  <subject>
    <reference value="Patient/example"/>
  </subject>
  <effectiveDateTime value="1999-07-02"/>
  <performer>
    <reference value="Practitioner/example"/>
  </performer>
  <valueQuantity>
    <value value="44"/>
    <unit value="beats/minute"/>
    <system value="http://unitsofmeasure.org"/>
    <code value="/min"/>
  </valueQuantity>
</Observation>