<?xml version="1.0" encoding="UTF-8"?>

<Organization xmlns="http://hl7.org/fhir">
  <id value="organization1"/>
  <meta>
    <profile value="https://www.ehealth.fgov.be/standards/fhir/StructureDefinition/be-organization"/>
  </meta>
  <text>
    <status value="generated"/><div xmlns="http://www.w3.org/1999/xhtml"><p><b>Generated Narrative with Details</b></p><p><b>id</b>: organization1</p><p><b>meta</b>: </p><p><b>identifier</b>: Provider Number = 0425.222.333 (OFFICIAL), Medical License number = 999999999 (OFFICIAL)</p><p><b>active</b>: true</p><p><b>name</b>: Enterprise Hospital Ziekenhuis</p><p><b>telecom</b>: ph: 322675199(WORK)</p><p><b>address</b>: </p><ul><li>Vulcansstraat 120, 1000 Brussel(WORK)</li><li>120, Rue des Vulcans, 1000 Bruxelles(WORK)</li></ul></div>
  </text>
  <identifier>
    <use value="official"/>
    <type>
      <coding>
        <system value="http://terminology.hl7.org/CodeSystem/v2-0203"/>
        <code value="PRN"/>
        <display value="Provider Number"/>
      </coding>
    </type>
    <system value="https://www.ehealth.fgov.be/standards/fhir/NamingSystem/cb"/>
    <value value="0425.222.333"/>
  </identifier>
  <identifier>
    <use value="official"/>
    <type>
      <coding>
        <system value="http://terminology.hl7.org/CodeSystem/v2-0203"/>
        <code value="MD"/>
        <display value="Medical License number"/>
      </coding>
    </type>
    <system value="https://www.ehealth.fgov.be/standards/fhir/NamingSystem/nihdi"/>
    <value value="999999999"/>
  </identifier>
  <active value="true"/>
  <name value="Enterprise Hospital Ziekenhuis"/>
  <telecom>
    <system value="phone"/>
    <value value="322675199"/>
    <use value="work"/>
  </telecom>
  <address>
    <extension url="http://hl7.org/fhir/StructureDefinition/language">
      <valueCode value="nl"/>
    </extension>
    <use value="work"/>
    <type value="both"/>
    <text value="Vulcansstraat 120, 1000 Brussel"/>
    <line value="Vulcansstraat 120"/>
    <city value="Brussel"/>
    <postalCode value="1000"/>
    <country value="BE"/>
  </address>
  <address>
    <extension url="http://hl7.org/fhir/StructureDefinition/language">
      <valueCode value="fr"/>
    </extension>
    <use value="work"/>
    <type value="both"/>
    <text value="120, Rue des Vulcans, 1000 Bruxelles"/>
    <line value="120, Rue des Vulcans"/>
    <city value="Bruxelles"/>
    <postalCode value="1000"/>
    <country value="BE"/>
  </address>
</Organization>