<?xml version="1.0" encoding="UTF-8"?>

<ValueSet xmlns="http://hl7.org/fhir">
  <id value="be-riskmanifestation"/>
  <text>
    <status value="generated"/><div xmlns="http://www.w3.org/1999/xhtml"><h2>ValueSet risk manifestation</h2><div><p>Codes as communicated by NIHDI and the FPS Terminology Center differentiating types of risk manifestation. This valueset supports the Belgian federal FHIR profiling effort.</p>
</div><ul/><p>This value set includes codes based on the following rules:</p></div>
  </text>
  <url value="https://www.ehealth.fgov.be/standards/fhir/ValueSet/be-riskmanifestation"/>
  <version value="1.1.0"/>
  <name value="BeRiskManifestation"/>
  <title value="ValueSet risk manifestation"/>
  <status value="active"/>
  <date value="2020-04-29T10:48:59+02:00"/>
  <publisher value="eHealth Platform"/>
  <contact>
    <name value="Etienne Cantineau"/>
    <telecom>
      <system value="email"/>
      <value value="etienne.cantineau@ehealth.fgov.be"/>
    </telecom>
  </contact>
  <description value="Codes as communicated by NIHDI and the FPS Terminology Center differentiating types of risk manifestation. This valueset supports the Belgian federal FHIR profiling effort."/>
</ValueSet>