<?xml version="1.0" encoding="UTF-8"?>

<ValueSet xmlns="http://hl7.org/fhir">
  <id value="be-noallergy"/>
  <text>
    <status value="generated"/><div xmlns="http://www.w3.org/1999/xhtml"><h2>ValueSet no allergies</h2><div><p>Codes as communicated by the FOD Terminology Center differentiating types of no allergies. This valueset supports the Belgian federal FHIR profiling effort.</p>
</div><ul><li>Include these codes as defined in <a href="http://www.snomed.org/"><code>http://snomed.info/sct</code></a><table class="none"><tr><td style="white-space:nowrap"><b>Code</b></td><td><b>Display</b></td></tr><tr><td><a href="http://browser.ihtsdotools.org/?perspective=full&amp;conceptId1=716186003">716186003</a></td><td>No known allergy (situation)</td><td/></tr><tr><td><a href="http://browser.ihtsdotools.org/?perspective=full&amp;conceptId1=409137002">409137002</a></td><td>No known drug allergy (situation)</td><td/></tr></table></li></ul><p><b>Additional Language Displays</b></p><table class="codes"><tr><td><b>Code</b></td><td><b>English (English, en)</b></td><td><b>French (Belgium) (fr)</b></td><td><b>Nederlands (België) (Dutch (Belgium), nl)</b></td></tr><tr><td>716186003</td><td>No known allergy</td><td>pas d'allergie connue</td><td>geen gekende allergie</td></tr><tr><td>409137002</td><td>No known drug allergy</td><td>pas d'allergie aux drogues et/ou médicaments connue</td><td>geen gekende drugs- en/of geneesmiddelenallergie</td></tr></table></div>
  </text>
  <url value="https://www.ehealth.fgov.be/standards/fhir/ValueSet/be-noallergy"/>
  <version value="1.1.0"/>
  <name value="BeNoAllergy"/>
  <title value="ValueSet no allergies"/>
  <status value="active"/>
  <date value="2020-05-05T08:44:50+02:00"/>
  <publisher value="eHealth Platform"/>
  <contact>
    <name value="Message structure"/>
    <telecom>
      <system value="email"/>
      <value value="message-structure@ehealth.fgov.be"/>
    </telecom>
  </contact>
  <description value="Codes as communicated by the FOD Terminology Center differentiating types of no allergies. This valueset supports the Belgian federal FHIR profiling effort."/>
  <compose>
    <include>
      <system value="http://snomed.info/sct"/>
      <concept>
        <code value="716186003"/>
        <display value="No known allergy (situation)"/>
        <designation>
          <language value="en"/>
          <value value="No known allergy"/>
        </designation>
        <designation>
          <language value="fr-BE"/>
          <value value="pas d&#39;allergie connue"/>
        </designation>
        <designation>
          <language value="nl-BE"/>
          <value value="geen gekende allergie"/>
        </designation>
      </concept>
      <concept>
        <code value="409137002"/>
        <display value="No known drug allergy (situation)"/>
        <designation>
          <language value="en"/>
          <value value="No known drug allergy"/>
        </designation>
        <designation>
          <language value="fr-BE"/>
          <value value="pas d&#39;allergie aux drogues et/ou m&#xE9;dicaments connue"/>
        </designation>
        <designation>
          <language value="nl-BE"/>
          <value value="geen gekende drugs- en/of geneesmiddelenallergie"/>
        </designation>
      </concept>
    </include>
  </compose>
</ValueSet>