<?xml version="1.0" encoding="UTF-8"?><CodeSystem xmlns="http://hl7.org/fhir"><id value="cd-contact-person"/><text><status value="generated"/><div xmlns="http://www.w3.org/1999/xhtml"><h2>CodeSystem CD-CONTACT-PERSON</h2><div><p>Contact person</p>
</div><p>This code system https://www.ehealth.fgov.be/standards/fhir/CodeSystem/cd-contact-person defines the following codes:</p><table class="codes"><tr><td style="white-space:nowrap"><b>Code</b></td><td><b>Display</b></td><td><b>Definition</b></td></tr><tr><td style="white-space:nowrap">father<a name="cd-contact-person-father"> </a></td><td>father</td><td/></tr><tr><td style="white-space:nowrap">mother<a name="cd-contact-person-mother"> </a></td><td>mother</td><td/></tr><tr><td style="white-space:nowrap">child<a name="cd-contact-person-child"> </a></td><td>child</td><td/></tr><tr><td style="white-space:nowrap">spouse<a name="cd-contact-person-spouse"> </a></td><td>spouse</td><td/></tr><tr><td style="white-space:nowrap">husband<a name="cd-contact-person-husband"> </a></td><td>husband</td><td/></tr><tr><td style="white-space:nowrap">partner<a name="cd-contact-person-partner"> </a></td><td>partner</td><td/></tr><tr><td style="white-space:nowrap">brother<a name="cd-contact-person-brother"> </a></td><td>brother</td><td/></tr><tr><td style="white-space:nowrap">sister<a name="cd-contact-person-sister"> </a></td><td>sister</td><td/></tr><tr><td style="white-space:nowrap">brotherinlaw<a name="cd-contact-person-brotherinlaw"> </a></td><td>brotherinlaw</td><td/></tr><tr><td style="white-space:nowrap">tutor<a name="cd-contact-person-tutor"> </a></td><td>tutor</td><td/></tr><tr><td style="white-space:nowrap">notary<a name="cd-contact-person-notary"> </a></td><td>notary</td><td/></tr><tr><td style="white-space:nowrap">lawyer<a name="cd-contact-person-lawyer"> </a></td><td>lawyer</td><td/></tr><tr><td style="white-space:nowrap">employer<a name="cd-contact-person-employer"> </a></td><td>employer</td><td/></tr><tr><td style="white-space:nowrap">grandparent<a name="cd-contact-person-grandparent"> </a></td><td>grandparent</td><td/></tr><tr><td style="white-space:nowrap">son<a name="cd-contact-person-son"> </a></td><td>son</td><td/></tr><tr><td style="white-space:nowrap">daughter<a name="cd-contact-person-daughter"> </a></td><td>daughter</td><td/></tr><tr><td style="white-space:nowrap">grandchild<a name="cd-contact-person-grandchild"> </a></td><td>grandchild</td><td/></tr><tr><td style="white-space:nowrap">neighbour<a name="cd-contact-person-neighbour"> </a></td><td>neighbour</td><td/></tr><tr><td style="white-space:nowrap">stepson<a name="cd-contact-person-stepson"> </a></td><td>stepson</td><td/></tr><tr><td style="white-space:nowrap">stepdaughter<a name="cd-contact-person-stepdaughter"> </a></td><td>stepdaughter</td><td/></tr><tr><td style="white-space:nowrap">stepfather<a name="cd-contact-person-stepfather"> </a></td><td>stepfather</td><td/></tr><tr><td style="white-space:nowrap">stepmother<a name="cd-contact-person-stepmother"> </a></td><td>stepmother</td><td/></tr><tr><td style="white-space:nowrap">sisterinlaw<a name="cd-contact-person-sisterinlaw"> </a></td><td>sisterinlaw</td><td/></tr></table></div></text><url value="https://www.ehealth.fgov.be/standards/fhir/CodeSystem/cd-contact-person"/><version value="1.1.0"/><name value="Cdcontactperson"/><title value="CodeSystem CD-CONTACT-PERSON"/><status value="active"/><date value="2020-04-23T10:38:56+02:00"/><publisher value="eHealth Platform"/><contact><name value="Etienne Cantineau"/><telecom><system value="email"/><value value="etienne.cantineau@ehealth.fgov.be"/></telecom></contact><description value="Contact person"/><content value="complete"/><concept><code value="father"/><display value="father"/></concept><concept><code value="mother"/><display value="mother"/></concept><concept><code value="child"/><display value="child"/></concept><concept><code value="spouse"/><display value="spouse"/></concept><concept><code value="husband"/><display value="husband"/></concept><concept><code value="partner"/><display value="partner"/></concept><concept><code value="brother"/><display value="brother"/></concept><concept><code value="sister"/><display value="sister"/></concept><concept><code value="brotherinlaw"/><display value="brotherinlaw"/></concept><concept><code value="tutor"/><display value="tutor"/></concept><concept><code value="notary"/><display value="notary"/></concept><concept><code value="lawyer"/><display value="lawyer"/></concept><concept><code value="employer"/><display value="employer"/></concept><concept><code value="grandparent"/><display value="grandparent"/></concept><concept><code value="son"/><display value="son"/></concept><concept><code value="daughter"/><display value="daughter"/></concept><concept><code value="grandchild"/><display value="grandchild"/></concept><concept><code value="neighbour"/><display value="neighbour"/></concept><concept><code value="stepson"/><display value="stepson"/></concept><concept><code value="stepdaughter"/><display value="stepdaughter"/></concept><concept><code value="stepfather"/><display value="stepfather"/></concept><concept><code value="stepmother"/><display value="stepmother"/></concept><concept><code value="sisterinlaw"/><display value="sisterinlaw"/></concept></CodeSystem>