<?xml version="1.0" encoding="UTF-8"?><CodeSystem xmlns="http://hl7.org/fhir"><id value="cd-fed-country"/><text><status value="generated"/><div xmlns="http://www.w3.org/1999/xhtml"><h2>CodeSystem CD-FED-COUNTRY</h2><div><p>FedICT country codes.</p>
</div><p>This code system https://www.ehealth.fgov.be/standards/fhir/CodeSystem/cd-fed-country defines the following codes:</p><table class="codes"><tr><td style="white-space:nowrap"><b>Code</b></td><td><b>Display</b></td><td><b>Definition</b></td></tr><tr><td style="white-space:nowrap">BE<a name="cd-fed-country-BE"> </a></td><td>Belgium</td><td/></tr></table></div></text><url value="https://www.ehealth.fgov.be/standards/fhir/CodeSystem/cd-fed-country"/><version value="1.1.0"/><name value="Cdfedcountry"/><title value="CodeSystem CD-FED-COUNTRY"/><status value="active"/><date value="2020-04-29T09:17:16+02:00"/><publisher value="eHealth Platform"/><contact><name value="Etienne Cantineau"/><telecom><system value="email"/><value value="etienne.cantineau@ehealth.fgov.be"/></telecom></contact><description value="FedICT country codes."/><content value="complete"/><concept><code value="BE"/><display value="Belgium"/></concept></CodeSystem>