<?xml version="1.0" encoding="UTF-8"?><ImplementationGuide xmlns="http://hl7.org/fhir"><id value="BeCoreImplementationGuide"/><text><status value="generated"/><div xmlns="http://www.w3.org/1999/xhtml"><h2>TheCoreBelgianFederalFHIRProfiles</h2><p>The official URL for this implementation guide is: </p><pre>https://www.ehealth.fgov.be/standards/fhir/ImplementationGuide/BeCoreImplementationGuide</pre><div><p>The Core Belgian Profiles provide the essential and common requirement for FHIR implementations in Belgium.</p>
</div></div></text><url value="https://www.ehealth.fgov.be/standards/fhir/ImplementationGuide/BeCoreImplementationGuide"/><version value="1.0.0"/><name value="TheCoreBelgianFederalFHIRProfiles"/><title value="The Core Belgian Federal FHIR Profiles"/><status value="active"/><date value="2020-04-16T11:18:30+02:00"/><publisher value="eHealth Platform"/><contact><name value="Etienne Cantineau"/><telecom><system value="email"/><value value="etienne.cantineau@ehealth.fgov.be"/></telecom></contact><description value="The Core Belgian Profiles provide the essential and common requirement for FHIR implementations in Belgium."/><packageId value="BeCoreImplementationGuide"/><license value="CC0-1.0"/><fhirVersion value="4.0.1"/><definition><extension url="http://hl7.org/fhir/tools/StructureDefinition/ig-parameter"><extension url="code"><valueString value="copyrightyear"/></extension><extension url="value"><valueString value="2020+"/></extension></extension><extension url="http://hl7.org/fhir/tools/StructureDefinition/ig-parameter"><extension url="code"><valueString value="releaselabel"/></extension><extension url="value"><valueString value="CI Build"/></extension></extension><extension url="http://hl7.org/fhir/tools/StructureDefinition/ig-parameter"><extension url="code"><valueString value="show-inherited-invariants"/></extension><extension url="value"><valueString value="false"/></extension></extension><extension url="http://hl7.org/fhir/tools/StructureDefinition/ig-parameter"><extension url="code"><valueString value="path-liquid"/></extension><extension url="value"><valueString value="template/liquid"/></extension></extension><extension url="http://hl7.org/fhir/tools/StructureDefinition/ig-parameter"><extension url="code"><valueString value="path-liquid"/></extension><extension url="value"><valueString value="input/liquid"/></extension></extension><extension url="http://hl7.org/fhir/tools/StructureDefinition/ig-parameter"><extension url="code"><valueString value="path-qa"/></extension><extension url="value"><valueString value="temp/qa"/></extension></extension><extension url="http://hl7.org/fhir/tools/StructureDefinition/ig-parameter"><extension url="code"><valueString value="path-temp"/></extension><extension url="value"><valueString value="temp/pages"/></extension></extension><extension url="http://hl7.org/fhir/tools/StructureDefinition/ig-parameter"><extension url="code"><valueString value="path-output"/></extension><extension url="value"><valueString value="output"/></extension></extension><extension url="http://hl7.org/fhir/tools/StructureDefinition/ig-parameter"><extension url="code"><valueString value="path-suppressed-warnings"/></extension><extension url="value"><valueString value="input/ignoreWarnings.txt"/></extension></extension><extension url="http://hl7.org/fhir/tools/StructureDefinition/ig-parameter"><extension url="code"><valueString value="path-history"/></extension><extension url="value"><valueString value="https://www.ehealth.fgov.be/standards/fhir/history.html"/></extension></extension><extension url="http://hl7.org/fhir/tools/StructureDefinition/ig-parameter"><extension url="code"><valueString value="template-html"/></extension><extension url="value"><valueString value="template-page.html"/></extension></extension><extension url="http://hl7.org/fhir/tools/StructureDefinition/ig-parameter"><extension url="code"><valueString value="template-md"/></extension><extension url="value"><valueString value="template-page-md.html"/></extension></extension><extension url="http://hl7.org/fhir/tools/StructureDefinition/ig-parameter"><extension url="code"><valueString value="apply-contact"/></extension><extension url="value"><valueString value="true"/></extension></extension><extension url="http://hl7.org/fhir/tools/StructureDefinition/ig-parameter"><extension url="code"><valueString value="apply-context"/></extension><extension url="value"><valueString value="true"/></extension></extension><extension url="http://hl7.org/fhir/tools/StructureDefinition/ig-parameter"><extension url="code"><valueString value="apply-copyright"/></extension><extension url="value"><valueString value="true"/></extension></extension><extension url="http://hl7.org/fhir/tools/StructureDefinition/ig-parameter"><extension url="code"><valueString value="apply-jurisdiction"/></extension><extension url="value"><valueString value="true"/></extension></extension><extension url="http://hl7.org/fhir/tools/StructureDefinition/ig-parameter"><extension url="code"><valueString value="apply-license"/></extension><extension url="value"><valueString value="true"/></extension></extension><extension url="http://hl7.org/fhir/tools/StructureDefinition/ig-parameter"><extension url="code"><valueString value="apply-publisher"/></extension><extension url="value"><valueString value="true"/></extension></extension><extension url="http://hl7.org/fhir/tools/StructureDefinition/ig-parameter"><extension url="code"><valueString value="apply-version"/></extension><extension url="value"><valueString value="true"/></extension></extension><extension url="http://hl7.org/fhir/tools/StructureDefinition/ig-parameter"><extension url="code"><valueString value="active-tables"/></extension><extension url="value"><valueString value="true"/></extension></extension><grouping id="_str_profile"><name value="Structures: Resource Profiles"/><description value="These define constraints on FHIR resources that need to be complied with by conformant implementations"/></grouping><grouping id="_str_datatype"><name value="Structures: Data Type Profiles"/><description value="These define constraints on FHIR data types that need to be complied with by conformant implementations"/></grouping><grouping id="_term_valueset"><name value="Terminology: Value Sets"/><description value="These define sets of codes used by systems conforming with this implementation guide"/></grouping><grouping id="_term_codesystem"><name value="Terminology: Code Systems"/><description value="These define new code systems used by systems conforming with this implementation guide"/></grouping><grouping id="_ex_example"><name value="Example: Example Instances"/><description value="These are example instances that show what data produced and consumed by systems conforming with this implementation guide might look like"/></grouping><resource><extension url="http://hl7.org/fhir/StructureDefinition/implementationguide-page"><valueUri value="StructureDefinition-be-address.html"/></extension><reference><reference value="StructureDefinition/be-address"/></reference><name value="Address core BE profile"/><description value="Belgain federal profile on address, to provide the possibility in the &#39;line&#39; element to provide a seperate streetname, housenumber and postal box. It is always RECOMMENDED to give these elements seperately."/><exampleBoolean value="false"/><groupingId value="_str_datatype"/></resource><resource><extension url="http://hl7.org/fhir/StructureDefinition/implementationguide-page"><valueUri value="StructureDefinition-be-mycarenetclaim.html"/></extension><reference><reference value="StructureDefinition/be-mycarenetclaim"/></reference><name value="My CareNet Claim BE profile"/><description value="Claim profile for use in the different eAgreement flow from MyCareNet."/><exampleBoolean value="false"/><groupingId value="_str_profile"/></resource><resource><extension url="http://hl7.org/fhir/StructureDefinition/implementationguide-page"><valueUri value="StructureDefinition-be-mycareneteagreementdemand.html"/></extension><reference><reference value="StructureDefinition/be-mycareneteagreementdemand"/></reference><name value="My CareNet eAgreement Demand Bundle BE profile"/><description value="The profile for the demand for an agreement."/><exampleBoolean value="false"/><groupingId value="_str_profile"/></resource><resource><extension url="http://hl7.org/fhir/StructureDefinition/implementationguide-page"><valueUri value="StructureDefinition-be-mycareneteagreementmessageheader.html"/></extension><reference><reference value="StructureDefinition/be-mycareneteagreementmessageheader"/></reference><name value="My CareNet eAgreement MessageHeader BE profile"/><description value="This is the generic MessageHeader profile for use in the different eAgreement flows from MyCareNet."/><exampleBoolean value="false"/><groupingId value="_str_profile"/></resource><resource><extension url="http://hl7.org/fhir/StructureDefinition/implementationguide-page"><valueUri value="StructureDefinition-be-organization.html"/></extension><reference><reference value="StructureDefinition/be-organization"/></reference><name value="Organization core BE profile"/><description value="Belgian federal profile for an organization. Initially based on the functional description of the NIHDI."/><exampleBoolean value="false"/><groupingId value="_str_profile"/></resource><resource><extension url="http://hl7.org/fhir/StructureDefinition/implementationguide-page"><valueUri value="StructureDefinition-be-patient.html"/></extension><reference><reference value="StructureDefinition/be-patient"/></reference><name value="Patient core BE profile"/><description value="Belgian federal profile for a patient. Initially based on the functional description of the NIHDI. Special remarks for KMEHR users: following elements in KMEHR are not available in this FHIR resource. &#xA;If needed, an extension can be defined in a future iteration of these specifications: the &#39;deathlocation&#39; (location is not available but the death of the patient is expressed by either date or Boolean cfr. infra.),&#xA;the &#39;insurancystatus&#39; (covered in a seperate FHIR resource: Coverage), &#39;insurancymembership&#39; (covered in a seperate FHIR resource: Coverage) and &#39;profession&#39; (covered in a possible future FHIR resource: OccupationalData.)"/><exampleBoolean value="false"/><groupingId value="_str_profile"/></resource><resource><extension url="http://hl7.org/fhir/StructureDefinition/implementationguide-page"><valueUri value="StructureDefinition-be-practitioner.html"/></extension><reference><reference value="StructureDefinition/be-practitioner"/></reference><name value="Practitioner core BE profile"/><description value="Belgian federal profile for a practitioner. Initially based on the functional description of the NIHDI."/><exampleBoolean value="false"/><groupingId value="_str_profile"/></resource><resource><extension url="http://hl7.org/fhir/StructureDefinition/implementationguide-page"><valueUri value="StructureDefinition-be-practitionerrole.html"/></extension><reference><reference value="StructureDefinition/be-practitionerrole"/></reference><name value="Practitioner Role core BE profile"/><description value="Belgian federal profile for a practitioner role. Initially based on the functional description of the NIHDI."/><exampleBoolean value="false"/><groupingId value="_str_profile"/></resource><resource><extension url="http://hl7.org/fhir/StructureDefinition/implementationguide-page"><valueUri value="ValueSet-be-civilstate.html"/></extension><reference><reference value="ValueSet/be-civilstate"/></reference><name value="ValueSet civil state"/><description value="Codes supported by eHealth Platform differentiating types of civil state. This valueset supports the Belgian federal FHIR profiling effort. &#xA;Whenever possible add a code from http://terminology.hl7.org/CodeSystem/v3-MaritalStatus for international interoperability but also use https://www.ehealth.fgov.be/standards/fhir/CodeSystem/CD-CIVILSTATE &#xA;for the Belgian specific code."/><exampleBoolean value="false"/><groupingId value="_term_valueset"/></resource><resource><extension url="http://hl7.org/fhir/StructureDefinition/implementationguide-page"><valueUri value="ValueSet-be-contactperson.html"/></extension><reference><reference value="ValueSet/be-contactperson"/></reference><name value="ValueSet contact person"/><description value="Maximum valuest to define category of a contact person, using the HL7 values and the Belgian CD-CONTACT-PERSON values."/><exampleBoolean value="false"/><groupingId value="_term_valueset"/></resource><resource><extension url="http://hl7.org/fhir/StructureDefinition/implementationguide-page"><valueUri value="ValueSet-be-beproductorservice.html"/></extension><reference><reference value="ValueSet/be-beproductorservice"/></reference><name value="ValueSet productor service"/><description value="NIHDI codes for use to describe eAgreement products or services in the MyCareNet eAgreement flows."/><exampleBoolean value="false"/><groupingId value="_term_valueset"/></resource><resource><extension url="http://hl7.org/fhir/StructureDefinition/implementationguide-page"><valueUri value="CodeSystem-cd-civilstate.html"/></extension><reference><reference value="CodeSystem/cd-civilstate"/></reference><name value="CodeSystem CD-CIVILSTATE"/><description value="Civil state in Belgium."/><exampleBoolean value="false"/><groupingId value="_term_codesystem"/></resource><resource><extension url="http://hl7.org/fhir/StructureDefinition/implementationguide-page"><valueUri value="CodeSystem-cd-contact-person.html"/></extension><reference><reference value="CodeSystem/cd-contact-person"/></reference><name value="CodeSystem CD-CONTACT-PERSON"/><description value="Contact person"/><exampleBoolean value="false"/><groupingId value="_term_codesystem"/></resource><resource><extension url="http://hl7.org/fhir/StructureDefinition/implementationguide-page"><valueUri value="CodeSystem-nihdi-legal-physiotherapy-fa.html"/></extension><reference><reference value="CodeSystem/nihdi-legal-physiotherapy-fa"/></reference><name value="CodeSystem NIHDILegalPhysiotherapyFa"/><description value="Legal pathology codes as defined by NIHDI to be used in the pathology registration flows of MyCareNet. These values are managed by NIHDI. &#xD;&#xA;&#x9;The codes are not defined here. Consult the cookbooks on mycarenet.be for concrete usage intstrcutions."/><exampleBoolean value="false"/><groupingId value="_term_codesystem"/></resource><resource><extension url="http://hl7.org/fhir/StructureDefinition/implementationguide-page"><valueUri value="Claim-bemycarenetclaim1.html"/></extension><reference><reference value="Claim/bemycarenetclaim1"/></reference><name value="BeMyCareNetClaim 1"/><description value="BeMyCareNetClaim 1"/><exampleCanonical value="https://www.ehealth.fgov.be/standards/fhir/StructureDefinition/be-mycarenetclaim"/><groupingId value="_ex_example"/></resource><resource><extension url="http://hl7.org/fhir/StructureDefinition/implementationguide-page"><valueUri value="MessageHeader-bemycareneteagreementmessageheader1.html"/></extension><reference><reference value="MessageHeader/bemycareneteagreementmessageheader1"/></reference><name value="BeMyCareNetEAgreementMessageHeader 1"/><description value="BeMyCareNetEAgreementMessageHeader 1"/><exampleCanonical value="https://www.ehealth.fgov.be/standards/fhir/StructureDefinition/be-mycareneteagreementmessageheader"/><groupingId value="_ex_example"/></resource><resource><extension url="http://hl7.org/fhir/StructureDefinition/implementationguide-page"><valueUri value="Patient-patient1.html"/></extension><reference><reference value="Patient/patient1"/></reference><name value="Patient 1"/><description value="Patient 1"/><exampleCanonical value="https://www.ehealth.fgov.be/standards/fhir/StructureDefinition/be-patient"/><groupingId value="_ex_example"/></resource><page><nameUrl value="toc.html"/><title value="Table of Contents"/><generation value="html"/><page><nameUrl value="index.html"/><title value="Home"/><generation value="html"/></page><page><nameUrl value="guidance.html"/><title value="Guidance"/><generation value="html"/></page><page><nameUrl value="conventions.html"/><title value="Conventions"/><generation value="markdown"/></page><page><nameUrl value="downloads.html"/><title value="Downloads"/><generation value="html"/></page><page><nameUrl value="changes.html"/><title value="Changes"/><generation value="html"/></page><page><nameUrl value="artifacts.html"/><title value="Artifacts Summary"/><generation value="html"/><page><nameUrl value="StructureDefinition-be-mycarenetclaim.html"/><title value="My CareNet Claim BE profile"/><generation value="generated"/></page><page><nameUrl value="StructureDefinition-be-mycareneteagreementdemand.html"/><title value="My CareNet eAgreement Demand Bundle BE profile"/><generation value="generated"/></page><page><nameUrl value="StructureDefinition-be-mycareneteagreementmessageheader.html"/><title value="My CareNet eAgreement MessageHeader BE profile"/><generation value="generated"/></page><page><nameUrl value="StructureDefinition-be-organization.html"/><title value="Organization core BE profile"/><generation value="generated"/></page><page><nameUrl value="StructureDefinition-be-patient.html"/><title value="Patient core BE profile"/><generation value="generated"/></page><page><nameUrl value="StructureDefinition-be-practitioner.html"/><title value="Practitioner core BE profile"/><generation value="generated"/></page><page><nameUrl value="StructureDefinition-be-practitionerrole.html"/><title value="Practitioner Role core BE profile"/><generation value="generated"/></page><page><nameUrl value="StructureDefinition-be-address.html"/><title value="Address core BE profile"/><generation value="generated"/></page><page><nameUrl value="ValueSet-be-civilstate.html"/><title value="ValueSet civil state"/><generation value="generated"/></page><page><nameUrl value="ValueSet-be-contactperson.html"/><title value="ValueSet contact person"/><generation value="generated"/></page><page><nameUrl value="ValueSet-be-beproductorservice.html"/><title value="ValueSet productor service"/><generation value="generated"/></page><page><nameUrl value="CodeSystem-cd-civilstate.html"/><title value="CodeSystem CD-CIVILSTATE"/><generation value="generated"/></page><page><nameUrl value="CodeSystem-cd-contact-person.html"/><title value="CodeSystem CD-CONTACT-PERSON"/><generation value="generated"/></page><page><nameUrl value="CodeSystem-nihdi-legal-physiotherapy-fa.html"/><title value="CodeSystem NIHDILegalPhysiotherapyFa"/><generation value="generated"/></page><page><nameUrl value="Claim-bemycarenetclaim1.html"/><title value="BeMyCareNetClaim 1"/><generation value="generated"/></page><page><nameUrl value="MessageHeader-bemycareneteagreementmessageheader1.html"/><title value="BeMyCareNetEAgreementMessageHeader 1"/><generation value="generated"/></page><page><nameUrl value="Patient-patient1.html"/><title value="Patient 1"/><generation value="generated"/></page></page></page><parameter><code value="path-resource"/><value value="input/capabilities"/></parameter><parameter><code value="path-resource"/><value value="input/examples"/></parameter><parameter><code value="path-resource"/><value value="input/extensions"/></parameter><parameter><code value="path-resource"/><value value="input/models"/></parameter><parameter><code value="path-resource"/><value value="input/operations"/></parameter><parameter><code value="path-resource"/><value value="input/profiles"/></parameter><parameter><code value="path-resource"/><value value="input/resources"/></parameter><parameter><code value="path-resource"/><value value="input/vocabulary"/></parameter><parameter><code value="path-resource"/><value value="input/maps"/></parameter><parameter><code value="path-pages"/><value value="template/config"/></parameter><parameter><code value="path-pages"/><value value="input/images"/></parameter><parameter><code value="path-tx-cache"/><value value="input-cache/txcache"/></parameter></definition></ImplementationGuide>