<?xml version="1.0" encoding="UTF-8"?><ValueSet xmlns="http://hl7.org/fhir"><id value="be-allergyintolerancecode"/><text><status value="generated"/><div xmlns="http://www.w3.org/1999/xhtml"><h2>ValueSet allergy intolerance code</h2><div><p>Codes as communicated by NIHDI and the FOD Terminology Center differentiating types of allergy intolerance codes. This valueset supports the Belgian federal FHIR profiling effort.</p>
</div><ul><li>Import all the codes that are contained in <a href="ValueSet-be-causativeagent.html">https://www.ehealth.fgov.be/standards/fhir/ValueSet/be-causativeagent</a></li><li>Import all the codes that are contained in <a href="ValueSet-be-noallergy.html">https://www.ehealth.fgov.be/standards/fhir/ValueSet/be-noallergy</a></li></ul><p>This value set includes codes based on the following rules:</p></div></text><url value="https://www.ehealth.fgov.be/standards/fhir/ValueSet/be-allergyintolerancecode"/><version value="1.1.0"/><name value="BeAllergyIntoleranceCode"/><title value="ValueSet allergy intolerance code"/><status value="active"/><date value="2020-05-05T08:12:52+02:00"/><publisher value="eHealth Platform"/><contact><name value="Message structure"/><telecom><system value="email"/><value value="message-structure@ehealth.fgov.be"/></telecom></contact><description value="Codes as communicated by NIHDI and the FOD Terminology Center differentiating types of allergy intolerance codes. This valueset supports the Belgian federal FHIR profiling effort."/><compose><include><valueSet value="https://www.ehealth.fgov.be/standards/fhir/ValueSet/be-causativeagent"/></include><include><valueSet value="https://www.ehealth.fgov.be/standards/fhir/ValueSet/be-noallergy"/></include></compose></ValueSet>