{
  "resourceType": "Claim",
  "id": "bemycarenetclaim1",
  "meta": {
    "profile": [
      "https://www.ehealth.fgov.be/standards/fhir/StructureDefinition/be-mycarenetclaim"
    ]
  },
  "text": {
    "status": "generated",
    "div": "<div xmlns=\"http://www.w3.org/1999/xhtml\"><p><b>Generated Narrative with Details</b></p><p><b>id</b>: bemycarenetclaim1</p><p><b>meta</b>: </p><p><b>identifier</b>: 1111</p><p><b>status</b>: active</p><p><b>type</b>: Institutional <span style=\"background: LightGoldenRodYellow\">(Details : {http://terminology.hl7.org/CodeSystem/claim-type code 'institutional' = 'Institutional)</span></p><p><b>subType</b>: testtype <span style=\"background: LightGoldenRodYellow\">(Details : {https://www.mycarenet.be/fhir/CodeSystem/agreement-types code 'testtype' = 'testtype)</span></p><p><b>use</b>: claim</p><p><b>patient</b>: <a href=\"Patient-patient1.html\">Generated Summary: id: patient1; 79121137740; Josephine Nessa La Paradisio ; gender: female; birthDate: 1979-12-11</a></p><p><b>created</b>: 07-avr.-2020 0:00:00</p><p><b>enterer</b>: <a href=\"enterer1\">enterer1</a></p><p><b>provider</b>: <a href=\"provider1\">provider1</a></p><p><b>priority</b>: Normal <span style=\"background: LightGoldenRodYellow\">(Details : {http://terminology.hl7.org/CodeSystem/processpriority code 'normal' = 'Normal)</span></p><blockquote><p><b>supportingInfo</b></p><p><b>sequence</b>: 1</p><p><b>category</b>: Attachment <span style=\"background: LightGoldenRodYellow\">(Details : {http://terminology.hl7.org/CodeSystem/claiminformationcategory code 'attachment' = 'Attachment)</span></p><p><b>value</b>: </p></blockquote><blockquote><p><b>supportingInfo</b></p><p><b>sequence</b>: 1</p><p><b>category</b>: Information <span style=\"background: LightGoldenRodYellow\">(Details : {http://terminology.hl7.org/CodeSystem/claiminformationcategory code 'info' = 'Information)</span></p><p><b>value</b>: testinfo</p></blockquote><h3>Insurances</h3><table class=\"grid\"><tr><td>-</td><td><b>Sequence</b></td><td><b>Focal</b></td><td><b>Coverage</b></td></tr><tr><td>*</td><td>1</td><td>true</td><td><a href=\"coverage1\">coverage1</a></td></tr></table></div>"
  },
  "identifier": [
    {
      "system": "https://www.ehealth.fgov.be/standards/fhir/id",
      "value": "1111"
    }
  ],
  "status": "active",
  "type": {
    "coding": [
      {
        "system": "http://terminology.hl7.org/CodeSystem/claim-type",
        "code": "institutional"
      }
    ]
  },
  "subType": {
    "coding": [
      {
        "system": "https://www.mycarenet.be/fhir/CodeSystem/agreement-types",
        "code": "testtype"
      }
    ]
  },
  "use": "claim",
  "patient": {
    "reference": "Patient/patient1"
  },
  "created": "2020-04-07",
  "enterer": {
    "reference": "enterer1"
  },
  "provider": {
    "reference": "provider1"
  },
  "priority": {
    "coding": [
      {
        "system": "http://terminology.hl7.org/CodeSystem/processpriority",
        "code": "normal"
      }
    ]
  },
  "supportingInfo": [
    {
      "sequence": 1,
      "category": {
        "coding": [
          {
            "system": "http://terminology.hl7.org/CodeSystem/claiminformationcategory",
            "code": "attachment"
          }
        ]
      },
      "valueAttachment": {
        "title": "testtitle"
      }
    },
    {
      "sequence": 1,
      "category": {
        "coding": [
          {
            "system": "http://terminology.hl7.org/CodeSystem/claiminformationcategory",
            "code": "info"
          }
        ]
      },
      "valueString": "testinfo"
    }
  ],
  "insurance": [
    {
      "sequence": 1,
      "focal": true,
      "coverage": {
        "reference": "coverage1"
      }
    }
  ]
}