{
  "resourceType": "CodeSystem",
  "id": "nihdi-legal-physiotherapy-fa",
  "text": {
    "status": "generated",
    "div": "<div xmlns=\"http://www.w3.org/1999/xhtml\"><h2>CodeSystem NIHDILegalPhysiotherapyFa</h2><div><p>Legal pathology codes as defined by NIHDI to be used in the pathology registration flows of MyCareNet. These values are managed by NIHDI.\nThe codes are not defined here. Consult the cookbooks on mycarenet.be for concrete usage intstrcutions.</p>\n</div><p>This code system https://www.ehealth.fgov.be/standards/fhir/CodeSystem/nihdi-legal-physiotherapy-fa defines the following codes:</p><table class=\"codes\"><tr><td style=\"white-space:nowrap\"><b>Code</b></td><td><b>Definition</b></td></tr></table></div>"
  },
  "url": "https://www.ehealth.fgov.be/standards/fhir/CodeSystem/nihdi-legal-physiotherapy-fa",
  "version": "1.1.0",
  "name": "NIHDILegalPhysiotherapyFa",
  "title": "CodeSystem NIHDILegalPhysiotherapyFa",
  "status": "active",
  "date": "2020-04-28T14:40:18+02:00",
  "publisher": "eHealth Platform",
  "contact": [
    {
      "name": "Etienne Cantineau",
      "telecom": [
        {
          "system": "email",
          "value": "etienne.cantineau@ehealth.fgov.be"
        }
      ]
    }
  ],
  "description": "Legal pathology codes as defined by NIHDI to be used in the pathology registration flows of MyCareNet. These values are managed by NIHDI. \r\n\tThe codes are not defined here. Consult the cookbooks on mycarenet.be for concrete usage intstrcutions.",
  "content": "complete"
}