<?xml version="1.0" encoding="UTF-8"?>

<CodeSystem xmlns="http://hl7.org/fhir">
  <id value="agreement-types"/>
  <text>
    <status value="generated"/><div xmlns="http://www.w3.org/1999/xhtml"><h2>CodeSystem agreement types</h2><div><p>Agreement types for MyCareNet flows. Not all codes are defined here, a full list can be found on mycarenet.be</p>
</div><p>This code system https://www.ehealth.fgov.be/standards/fhir/CodeSystem/agreement-types defines the following codes:</p><table class="codes"><tr><td style="white-space:nowrap"><b>Code</b></td><td><b>Display</b></td><td><b>Definition</b></td></tr><tr><td style="white-space:nowrap">physiotherapy_fa<a name="agreement-types-physiotherapy_fa"> </a></td><td>physiotherapy_fa</td><td/></tr></table></div>
  </text>
  <url value="https://www.ehealth.fgov.be/standards/fhir/CodeSystem/agreement-types"/>
  <version value="1.1.0"/>
  <name value="MyCareNetAgreementTypes"/>
  <title value="CodeSystem agreement types"/>
  <status value="active"/>
  <date value="2020-04-28T14:40:18+02:00"/>
  <publisher value="eHealth Platform"/>
  <contact>
    <name value="Etienne Cantineau"/>
    <telecom>
      <system value="email"/>
      <value value="etienne.cantineau@ehealth.fgov.be"/>
    </telecom>
  </contact>
  <description value="Agreement types for MyCareNet flows. Not all codes are defined here, a full list can be found on mycarenet.be"/>
  <content value="complete"/>
  <concept>
    <code value="physiotherapy_fa"/>
    <display value="physiotherapy_fa"/>
  </concept>
</CodeSystem>