<?xml version="1.0" encoding="UTF-8"?>

<CodeSystem xmlns="http://hl7.org/fhir">
  <id value="nihdi-legal-physiotherapy-fa"/>
  <text>
    <status value="generated"/><div xmlns="http://www.w3.org/1999/xhtml"><h2>CodeSystem NIHDILegalPhysiotherapyFa</h2><div><p>Legal pathology codes as defined by NIHDI to be used in the pathology registration flows of MyCareNet. These values are managed by NIHDI.
The codes are not defined here. Consult the cookbooks on mycarenet.be for concrete usage intstrcutions.</p>
</div><p>This code system https://www.ehealth.fgov.be/standards/fhir/CodeSystem/nihdi-legal-physiotherapy-fa defines the following codes:</p><table class="codes"><tr><td style="white-space:nowrap"><b>Code</b></td><td><b>Definition</b></td></tr></table></div>
  </text>
  <url value="https://www.ehealth.fgov.be/standards/fhir/CodeSystem/nihdi-legal-physiotherapy-fa"/>
  <version value="1.1.0"/>
  <name value="NIHDILegalPhysiotherapyFa"/>
  <title value="CodeSystem NIHDILegalPhysiotherapyFa"/>
  <status value="active"/>
  <date value="2020-04-21T09:51:51+02:00"/>
  <publisher value="eHealth Platform"/>
  <contact>
    <name value="Etienne Cantineau"/>
    <telecom>
      <system value="email"/>
      <value value="etienne.cantineau@ehealth.fgov.be"/>
    </telecom>
  </contact>
  <description value="Legal pathology codes as defined by NIHDI to be used in the pathology registration flows of MyCareNet. These values are managed by NIHDI. &#xD;&#xA;&#x9;The codes are not defined here. Consult the cookbooks on mycarenet.be for concrete usage intstrcutions."/>
  <content value="complete"/>
</CodeSystem>