{
  "resourceType": "Coverage",
  "id": "coverage1",
  "text": {
    "status": "generated",
    "div": "<div xmlns=\"http://www.w3.org/1999/xhtml\"><p><b>Generated Narrative with Details</b></p><p><b>id</b>: coverage1</p><p><b>status</b>: active</p><p><b>beneficiary</b>: <a href=\"Patient-patient1.html\">Generated Summary: id: patient1; 79121137740 (OFFICIAL), Social Beneficiary Identifier = 79121137740 (OFFICIAL), Medical record number = 45XXP0PA-4 (USUAL); active; Josephine Nessa La Paradisio ; nessa.laparadisio@belgium.be, ph: +322476792979(MOBILE), ph: +3226718655(HOME), ph: +322476799(WORK); gender: female; birthDate: 1979-12-11; <span title=\"Codes: {http://terminology.hl7.org/CodeSystem/v3-MaritalStatus D}, {https://www.ehealth.fgov.be/standards/fhir/CodeSystem/cd-civilstate 41}\">Divorced</span></a></p><p><b>payor</b>: <a href=\"Patient-patient1.html\">Generated Summary: id: patient1; 79121137740 (OFFICIAL), Social Beneficiary Identifier = 79121137740 (OFFICIAL), Medical record number = 45XXP0PA-4 (USUAL); active; Josephine Nessa La Paradisio ; nessa.laparadisio@belgium.be, ph: +322476792979(MOBILE), ph: +3226718655(HOME), ph: +322476799(WORK); gender: female; birthDate: 1979-12-11; <span title=\"Codes: {http://terminology.hl7.org/CodeSystem/v3-MaritalStatus D}, {https://www.ehealth.fgov.be/standards/fhir/CodeSystem/cd-civilstate 41}\">Divorced</span></a></p></div>"
  },
  "status": "active",
  "beneficiary": {
    "reference": "Patient/patient1"
  },
  "payor": [
    {
      "reference": "Patient/patient1"
    }
  ]
}