{
  "resourceType": "DiagnosticReport",
  "id": "diagnosticreport1",
  "meta": {
    "profile": [
      "https://www.ehealth.fgov.be/standards/fhir/StructureDefinition/be-diagnosticreport"
    ]
  },
  "text": {
    "status": "generated",
    "div": "<div xmlns=\"http://www.w3.org/1999/xhtml\"><p><b>Generated Narrative with Details</b></p><p><b>id</b>: diagnosticreport1</p><p><b>meta</b>: </p><p><b>identifier</b>: 11530231003.2015110413180000000</p><p><b>basedOn</b>: <a href=\"ServiceRequest-servicerequest1.html\">Generated Summary: id: servicerequest1; status: active; intent: order; <span title=\"Codes: {http://snomed.info/sct 108252007}\">Laboratory procedure</span></a></p><p><b>status</b>: final</p><p><b>category</b>: LABORATORY STUDIES <span style=\"background: LightGoldenRodYellow\">(Details : {http://terminology.hl7.org/CodeSystem/v2-0074 code 'LAB' = 'Laboratory', given as 'laboratory'})</span></p><p><b>code</b>: HEMATOLOGY STUDIES <span style=\"background: LightGoldenRodYellow\">(Details : {LOINC code '18723-7' = 'Hematology studies (set))</span></p><p><b>subject</b>: <a href=\"Patient-patient1.html\">Generated Summary: id: patient1; 79121137740 (OFFICIAL), Social Beneficiary Identifier = 79121137740 (OFFICIAL), Medical record number = 45XXP0PA-4 (USUAL); active; Josephine Nessa La Paradisio ; nessa.laparadisio@belgium.be, ph: +322476792979(MOBILE), ph: +3226718655(HOME), ph: +322476799(WORK); gender: female; birthDate: 1979-12-11; <span title=\"Codes: {http://terminology.hl7.org/CodeSystem/v3-MaritalStatus D}, {https://www.ehealth.fgov.be/standards/fhir/CodeSystem/cd-civilstate 41}\">Divorced</span></a></p><p><b>effective</b>: 11-déc.-1979 19:28:17</p><p><b>performer</b>: <a href=\"Organization-organization1.html\">Generated Summary: id: organization1; Provider Number = 0425.222.333 (OFFICIAL), Medical License number = 999999999 (OFFICIAL); active; <span title=\"Codes: {https://www.ehealth.fgov.be/standards/fhir/CodeSystem/cd-hcparty orghospital}\">orghospital</span>; name: Enterprise Hospital Ziekenhuis; ph: 322675199(WORK)</a></p><p><b>resultsInterpreter</b>: <a href=\"Organization-organization1.html\">Generated Summary: id: organization1; Provider Number = 0425.222.333 (OFFICIAL), Medical License number = 999999999 (OFFICIAL); active; <span title=\"Codes: {https://www.ehealth.fgov.be/standards/fhir/CodeSystem/cd-hcparty orghospital}\">orghospital</span>; name: Enterprise Hospital Ziekenhuis; ph: 322675199(WORK)</a></p><p><b>result</b>: <a href=\"Observation-observation2.html\">Generated Summary: id: observation2; <span title=\"Codes: {http://terminology.hl7.org/CodeSystem/observation-category laboratory}\">laboratory studies</span>; <span title=\"Codes: {http://loinc.org 30341-2}\">Erythrocyte sedimentation rate</span>; effective: 04-nov.-2015 15:16:00; 2 mm/h</a></p></div>"
  },
  "identifier": [
    {
      "system": "http://acme.com/lab/reports",
      "value": "11530231003.2015110413180000000"
    }
  ],
  "basedOn": [
    {
      "reference": "ServiceRequest/servicerequest1"
    }
  ],
  "status": "final",
  "category": [
    {
      "coding": [
        {
          "system": "http://terminology.hl7.org/CodeSystem/v2-0074",
          "code": "LAB",
          "display": "laboratory"
        }
      ],
      "text": "LABORATORY STUDIES"
    }
  ],
  "code": {
    "coding": [
      {
        "system": "http://loinc.org",
        "code": "18723-7"
      }
    ],
    "text": "HEMATOLOGY STUDIES"
  },
  "subject": {
    "reference": "Patient/patient1"
  },
  "effectiveDateTime": "1979-12-11T13:28:17-05:00",
  "performer": [
    {
      "reference": "Organization/organization1"
    }
  ],
  "resultsInterpreter": [
    {
      "reference": "Organization/organization1"
    }
  ],
  "result": [
    {
      "reference": "Observation/observation2"
    }
  ]
}