<?xml version="1.0" encoding="UTF-8"?>

<MessageHeader xmlns="http://hl7.org/fhir">
  <id value="bemycareneteagreementmessageheader1"/>
  <meta>
    <profile value="https://www.ehealth.fgov.be/standards/fhir/StructureDefinition/be-mycareneteagreementmessageheader"/>
  </meta>
  <text>
    <status value="generated"/><div xmlns="http://www.w3.org/1999/xhtml"><p><b>Generated Narrative with Details</b></p><p><b>id</b>: bemycareneteagreementmessageheader1</p><p><b>meta</b>: </p><p><b>event</b>: test (Details: [not stated] code test = 'test', stated as 'null')</p><h3>Sources</h3><table class="grid"><tr><td>-</td><td><b>Endpoint</b></td></tr><tr><td>*</td><td><a href="testuri">testuri</a></td></tr></table></div>
  </text>
  <eventCoding>
    <code value="test"/>
  </eventCoding>
  <source>
    <endpoint value="testuri"/>
  </source>
</MessageHeader>