{
  "resourceType": "NamingSystem",
  "id": "be-cbe",
  "text": {
    "status": "generated",
    "div": "<div xmlns=\"http://www.w3.org/1999/xhtml\"><p><b>Generated Narrative with Details</b></p><p><b>id</b>: be-cbe</p><p><b>name</b>: BeCBENamingSystem</p><p><b>status</b>: active</p><p><b>kind</b>: identifier</p><p><b>date</b>: 05-juin-2019 0:00:00</p><p><b>publisher</b>: eHealth Platform</p><p><b>contact</b>: </p><p><b>description</b>: BCE/KBO</p><p><b>jurisdiction</b>: World <span style=\"background: LightGoldenRodYellow\">(Details : {http://unstats.un.org/unsd/methods/m49/m49.htm code '001' = 'World)</span></p><blockquote><p><b>uniqueId</b></p><p><b>type</b>: uri</p><p><b>value</b>: https://www.ehealth.fgov.be/standards/fhir/NamingSystem/cbe</p><p><b>preferred</b>: true</p></blockquote><blockquote><p><b>uniqueId</b></p><p><b>type</b>: oid</p><p><b>value</b>: 2.16.840.1.113883.3.6777.5.5</p><p><b>preferred</b>: false</p></blockquote></div>"
  },
  "name": "BeCBENamingSystem",
  "status": "active",
  "kind": "identifier",
  "date": "2019-06-05T00:00:00+02:00",
  "publisher": "eHealth Platform",
  "contact": [
    {
      "name": "Etienne Cantineau",
      "telecom": [
        {
          "system": "email",
          "value": "etienne.cantineau@ehealth.fgov.be"
        }
      ]
    }
  ],
  "description": "BCE/KBO",
  "jurisdiction": [
    {
      "coding": [
        {
          "system": "http://unstats.un.org/unsd/methods/m49/m49.htm",
          "code": "001"
        }
      ]
    }
  ],
  "uniqueId": [
    {
      "type": "uri",
      "value": "https://www.ehealth.fgov.be/standards/fhir/NamingSystem/cbe",
      "preferred": true
    },
    {
      "type": "oid",
      "value": "2.16.840.1.113883.3.6777.5.5",
      "preferred": false
    }
  ]
}