{
  "resourceType": "Observation",
  "id": "observation2",
  "meta": {
    "profile": [
      "https://www.ehealth.fgov.be/standards/fhir/StructureDefinition/be-observation"
    ]
  },
  "text": {
    "status": "generated",
    "div": "<div xmlns=\"http://www.w3.org/1999/xhtml\"><p><b>Generated Narrative with Details</b></p><p><b>id</b>: observation2</p><p><b>meta</b>: </p><p><b>status</b>: final</p><p><b>category</b>: laboratory studies <span style=\"background: LightGoldenRodYellow\">(Details : {http://terminology.hl7.org/CodeSystem/observation-category code 'laboratory' = 'Laboratory', given as 'laboratory'})</span></p><p><b>code</b>: Erythrocyte sedimentation rate <span style=\"background: LightGoldenRodYellow\">(Details : {LOINC code '30341-2' = 'Erythrocyte sedimentation rate', given as 'Erythrocyte sedimentation rate'})</span></p><p><b>subject</b>: <a href=\"Patient-patient1.html\">Generated Summary: id: patient1; 79121137740 (OFFICIAL), Social Beneficiary Identifier = 79121137740 (OFFICIAL), Medical record number = 45XXP0PA-4 (USUAL); active; Josephine Nessa La Paradisio ; nessa.laparadisio@belgium.be, ph: +322476792979(MOBILE), ph: +3226718655(HOME), ph: +322476799(WORK); gender: female; birthDate: 1979-12-11; <span title=\"Codes: {http://terminology.hl7.org/CodeSystem/v3-MaritalStatus D}, {https://www.ehealth.fgov.be/standards/fhir/CodeSystem/cd-civilstate 41}\">Divorced</span></a></p><p><b>effective</b>: 04-nov.-2015 15:16:00</p><p><b>performer</b>: <a href=\"Practitioner-practitioner1.html\">Generated Summary: id: practitioner1; 79121137740 (OFFICIAL), 18749704477 (OFFICIAL); Katherine Pulaski (OFFICIAL); katherine.pulaski@enterprisehospital.be(WORK), ph: 022675198(WORK), fax: 022675209(WORK); gender: female; birthDate: 1979-12-11</a></p><p><b>value</b>: 2 mm/h<span style=\"background: LightGoldenRodYellow\"> (Details: UCUM code mm/h = 'mm/h')</span></p><p><b>specimen</b>: <a href=\"Specimen-specimen1.html\">Generated Summary: id: specimen1; 1; <span title=\"Codes: {http://snomed.info/sct 119297000}\">Blood specimen</span>; receivedTime: 04-nov.-2015 0:00:00</a></p><h3>ReferenceRanges</h3><table class=\"grid\"><tr><td>-</td><td><b>Low</b></td><td><b>High</b></td><td><b>Type</b></td></tr><tr><td>*</td><td>0 mm/h<span style=\"background: LightGoldenRodYellow\"> (Details: UCUM code mm/h = 'mm/h')</span></td><td>30 mm/h<span style=\"background: LightGoldenRodYellow\"> (Details: UCUM code mm/h = 'mm/h')</span></td><td>Normal Range <span style=\"background: LightGoldenRodYellow\">(Details : {http://terminology.hl7.org/CodeSystem/referencerange-meaning code 'normal' = 'Normal Range)</span></td></tr></table></div>"
  },
  "status": "final",
  "category": [
    {
      "coding": [
        {
          "system": "http://terminology.hl7.org/CodeSystem/observation-category",
          "code": "laboratory",
          "display": "laboratory"
        }
      ],
      "text": "laboratory studies"
    }
  ],
  "code": {
    "coding": [
      {
        "system": "http://loinc.org",
        "code": "30341-2",
        "display": "Erythrocyte sedimentation rate"
      }
    ]
  },
  "subject": {
    "reference": "Patient/patient1"
  },
  "effectiveDateTime": "2015-11-04T09:16:00-05:00",
  "performer": [
    {
      "reference": "Practitioner/practitioner1"
    }
  ],
  "valueQuantity": {
    "value": 2,
    "unit": "mm/h",
    "system": "http://unitsofmeasure.org",
    "code": "mm/h"
  },
  "specimen": {
    "reference": "Specimen/specimen1"
  },
  "referenceRange": [
    {
      "low": {
        "value": 0,
        "unit": "mm/h",
        "system": "http://unitsofmeasure.org",
        "code": "mm/h"
      },
      "high": {
        "value": 30,
        "unit": "mm/h",
        "system": "http://unitsofmeasure.org",
        "code": "mm/h"
      },
      "type": {
        "coding": [
          {
            "system": "http://terminology.hl7.org/CodeSystem/referencerange-meaning",
            "code": "normal"
          }
        ]
      }
    }
  ]
}