{
  "resourceType": "Observation",
  "id": "observation3",
  "meta": {
    "profile": [
      "https://www.ehealth.fgov.be/standards/fhir/StructureDefinition/be-observation"
    ]
  },
  "text": {
    "status": "generated",
    "div": "<div xmlns=\"http://www.w3.org/1999/xhtml\"><p><b>Generated Narrative with Details</b></p><p><b>id</b>: observation3</p><p><b>meta</b>: </p><p><b>status</b>: final</p><p><b>category</b>: laboratory studies <span style=\"background: LightGoldenRodYellow\">(Details : {http://terminology.hl7.org/CodeSystem/observation-category code 'laboratory' = 'Laboratory', given as 'laboratory'})</span></p><p><b>code</b>: Microbial susceptibility tests Set <span style=\"background: LightGoldenRodYellow\">(Details : {LOINC code '18769-0' = 'Microbial susceptibility tests Set', given as 'Microbial susceptibility tests Set'})</span></p><p><b>subject</b>: <a href=\"Patient-patient1.html\">Generated Summary: id: patient1; 79121137740 (OFFICIAL), Social Beneficiary Identifier = 79121137740 (OFFICIAL), Medical record number = 45XXP0PA-4 (USUAL); active; Josephine Nessa La Paradisio ; nessa.laparadisio@belgium.be, ph: +322476792979(MOBILE), ph: +3226718655(HOME), ph: +322476799(WORK); gender: female; birthDate: 1979-12-11; <span title=\"Codes: {http://terminology.hl7.org/CodeSystem/v3-MaritalStatus D}, {https://www.ehealth.fgov.be/standards/fhir/CodeSystem/cd-civilstate 41}\">Divorced</span></a></p><p><b>effective</b>: 03-févr.-2015 5:00:00</p><p><b>performer</b>: <a href=\"Practitioner-practitioner1.html\">Generated Summary: id: practitioner1; 79121137740 (OFFICIAL), 18749704477 (OFFICIAL); Katherine Pulaski (OFFICIAL); katherine.pulaski@enterprisehospital.be(WORK), ph: 022675198(WORK), fax: 022675209(WORK); gender: female; birthDate: 1979-12-11</a></p><p><b>specimen</b>: <a href=\"Specimen-specimen3.html\">Generated Summary: id: specimen3; 1; <span title=\"Codes: {http://snomed.info/sct 243301005}\">Morganella Morganii</span></a></p><blockquote><p><b>component</b></p><p><b>code</b>: Ampicillin Islt KB <span style=\"background: LightGoldenRodYellow\">(Details : {LOINC code '29-9' = 'Ampicillin [Susceptibility] by Disk diffusion (KB)', given as 'Ampicillin Islt KB'})</span></p><p><b>interpretation</b>: Resistant <span style=\"background: LightGoldenRodYellow\">(Details : {http://terminology.hl7.org/CodeSystem/v3-ObservationInterpretation code 'R' = 'Resistant', given as 'Resistant'})</span></p></blockquote><blockquote><p><b>component</b></p><p><b>code</b>: TMP SMX Islt MIC <span style=\"background: LightGoldenRodYellow\">(Details : {LOINC code '516-5' = 'Trimethoprim+Sulfamethoxazole [Susceptibility] by Minimum inhibitory concentration (MIC)', given as 'TMP SMX Islt MIC'})</span></p><p><b>interpretation</b>: Susceptible <span style=\"background: LightGoldenRodYellow\">(Details : {http://terminology.hl7.org/CodeSystem/v3-ObservationInterpretation code 'S' = 'Susceptible', given as 'Susceptible'})</span></p></blockquote><blockquote><p><b>component</b></p><p><b>code</b>: Nitrofurantoin Islt MIC <span style=\"background: LightGoldenRodYellow\">(Details : {LOINC code '363-2' = 'Nitrofurantoin [Susceptibility] by Minimum inhibitory concentration (MIC)', given as 'Nitrofurantoin Islt MIC'})</span></p><p><b>interpretation</b>: Resistant <span style=\"background: LightGoldenRodYellow\">(Details : {http://terminology.hl7.org/CodeSystem/v3-ObservationInterpretation code 'R' = 'Resistant', given as 'Resistant'})</span></p></blockquote><blockquote><p><b>component</b></p><p><b>code</b>: Cefuroxime Islt MIC <span style=\"background: LightGoldenRodYellow\">(Details : {LOINC code '51774-8' = 'Cefuroxime [Susceptibility] by Minimum inhibitory concentration (MIC)', given as 'Cefuroxime Islt MIC'})</span></p><p><b>interpretation</b>: Resistant <span style=\"background: LightGoldenRodYellow\">(Details : {http://terminology.hl7.org/CodeSystem/v3-ObservationInterpretation code 'R' = 'Resistant', given as 'Resistant'})</span></p></blockquote></div>"
  },
  "status": "final",
  "category": [
    {
      "coding": [
        {
          "system": "http://terminology.hl7.org/CodeSystem/observation-category",
          "code": "laboratory",
          "display": "laboratory"
        }
      ],
      "text": "laboratory studies"
    }
  ],
  "code": {
    "coding": [
      {
        "system": "http://loinc.org",
        "code": "18769-0",
        "display": "Microbial susceptibility tests Set"
      }
    ]
  },
  "subject": {
    "reference": "Patient/patient1"
  },
  "effectiveDateTime": "2015-02-02T23:00:00-05:00",
  "performer": [
    {
      "reference": "Practitioner/practitioner1"
    }
  ],
  "specimen": {
    "reference": "Specimen/specimen3"
  },
  "component": [
    {
      "code": {
        "coding": [
          {
            "system": "http://loinc.org",
            "code": "29-9",
            "display": "Ampicillin Islt KB"
          }
        ]
      },
      "interpretation": [
        {
          "coding": [
            {
              "system": "http://terminology.hl7.org/CodeSystem/v3-ObservationInterpretation",
              "code": "R",
              "display": "Resistant"
            }
          ]
        }
      ]
    },
    {
      "code": {
        "coding": [
          {
            "system": "http://loinc.org",
            "code": "516-5",
            "display": "TMP SMX Islt MIC"
          }
        ]
      },
      "interpretation": [
        {
          "coding": [
            {
              "system": "http://terminology.hl7.org/CodeSystem/v3-ObservationInterpretation",
              "code": "S",
              "display": "Susceptible"
            }
          ]
        }
      ]
    },
    {
      "code": {
        "coding": [
          {
            "system": "http://loinc.org",
            "code": "363-2",
            "display": "Nitrofurantoin Islt MIC"
          }
        ]
      },
      "interpretation": [
        {
          "coding": [
            {
              "system": "http://terminology.hl7.org/CodeSystem/v3-ObservationInterpretation",
              "code": "R",
              "display": "Resistant"
            }
          ]
        }
      ]
    },
    {
      "code": {
        "coding": [
          {
            "system": "http://loinc.org",
            "code": "51774-8",
            "display": "Cefuroxime Islt MIC"
          }
        ]
      },
      "interpretation": [
        {
          "coding": [
            {
              "system": "http://terminology.hl7.org/CodeSystem/v3-ObservationInterpretation",
              "code": "R",
              "display": "Resistant"
            }
          ]
        }
      ]
    }
  ]
}