{
  "resourceType": "Specimen",
  "id": "specimen2",
  "text": {
    "status": "generated",
    "div": "<div xmlns=\"http://www.w3.org/1999/xhtml\"><p><b>Generated Narrative with Details</b></p><p><b>id</b>: specimen2</p><p><b>identifier</b>: 1</p><p><b>type</b>: Throat swab <span style=\"background: LightGoldenRodYellow\">(Details : {SNOMED CT code '258529004' = 'TS - Throat swab', given as 'Throat swab'})</span></p><p><b>receivedTime</b>: 04-nov.-2015 0:00:00</p><h3>Collections</h3><table class=\"grid\"><tr><td>-</td><td><b>Collected[x]</b></td></tr><tr><td>*</td><td>03-nov.-2015 0:00:00</td></tr></table></div>"
  },
  "identifier": [
    {
      "value": "1"
    }
  ],
  "type": {
    "coding": [
      {
        "system": "http://snomed.info/sct",
        "code": "258529004",
        "display": "Throat swab"
      }
    ]
  },
  "receivedTime": "2015-11-04",
  "collection": {
    "collectedDateTime": "2015-11-03"
  }
}