{
  "resourceType": "Specimen",
  "id": "specimen3",
  "text": {
    "status": "generated",
    "div": "<div xmlns=\"http://www.w3.org/1999/xhtml\"><p><b>Generated Narrative with Details</b></p><p><b>id</b>: specimen3</p><p><b>identifier</b>: 1</p><p><b>type</b>: Morganella Morganii <span style=\"background: LightGoldenRodYellow\">(Details : {SNOMED CT code '243301005' = 'Morganella morganii', given as 'Morganella Morganii'})</span></p></div>"
  },
  "identifier": [
    {
      "value": "1"
    }
  ],
  "type": {
    "coding": [
      {
        "system": "http://snomed.info/sct",
        "code": "243301005",
        "display": "Morganella Morganii"
      }
    ]
  }
}