<?xml version="1.0" encoding="UTF-8"?>

<Specimen xmlns="http://hl7.org/fhir">
  <id value="specimen4"/>
  <text>
    <status value="generated"/><div xmlns="http://www.w3.org/1999/xhtml"><p><b>Generated Narrative with Details</b></p><p><b>id</b>: specimen4</p><p><b>identifier</b>: 1</p><p><b>type</b>: Escherichia coli <span style="background: LightGoldenRodYellow">(Details : {SNOMED CT code '112283007' = 'Escherichia coli', given as 'Escherichia coli'})</span></p></div>
  </text>
  <identifier>
    <value value="1"/>
  </identifier>
  <type>
    <coding>
      <system value="http://snomed.info/sct"/>
      <code value="112283007"/>
      <display value="Escherichia coli"/>
    </coding>
  </type>
</Specimen>