{
  "package": "BeCoreImplementationGuide",
  "version": "1.0.0",
  "fhirVersion": "4.0.1",
  "extensions": [],
  "profiles": {
    "Bundle": [
      {
        "url": "https://www.ehealth.fgov.be/standards/fhir/StructureDefinition/Be-mycareneteagreementdemand",
        "title": "My CareNet eAgreement Demand Bundle BE profile"
      }
    ],
    "Claim": [
      {
        "url": "https://www.ehealth.fgov.be/standards/fhir/StructureDefinition/be-mycarenetclaim",
        "title": "My CareNet Claim BE profile"
      }
    ],
    "MessageHeader": [
      {
        "url": "https://www.ehealth.fgov.be/standards/fhir/StructureDefinition/be-mycareneteagreementmessageheader",
        "title": "My CareNet eAgreement MessageHeader BE profile"
      }
    ],
    "Organization": [
      {
        "url": "https://www.ehealth.fgov.be/standards/fhir/StructureDefinition/be-organization",
        "title": "Organization core BE profile"
      }
    ],
    "Patient": [
      {
        "url": "https://www.ehealth.fgov.be/standards/fhir/StructureDefinition/be-patient",
        "title": "Patient core BE profile"
      }
    ],
    "Practitioner": [
      {
        "url": "https://www.ehealth.fgov.be/standards/fhir/StructureDefinition/be-practitioner",
        "title": "Practitioner core BE profile"
      }
    ],
    "PractitionerRole": [
      {
        "url": "https://www.ehealth.fgov.be/standards/fhir/StructureDefinition/be-practitionerrole",
        "title": "Practitioner Role core BE profile"
      }
    ]
  },
  "usage": {
    "http://hl7.org/fhir/StructureDefinition/elementdefinition-bestpractice": [
      "StructureDefinition.snapshot.element.constraint"
    ],
    "http://hl7.org/fhir/StructureDefinition/elementdefinition-bestpractice-explanation": [
      "StructureDefinition.snapshot.element.constraint"
    ],
    "http://hl7.org/fhir/StructureDefinition/elementdefinition-bindingName": [
      "StructureDefinition.snapshot.element.binding"
    ],
    "http://hl7.org/fhir/StructureDefinition/elementdefinition-isCommonBinding": [
      "StructureDefinition.snapshot.element.binding"
    ],
    "http://hl7.org/fhir/StructureDefinition/elementdefinition-maxValueSet": [
      "StructureDefinition.snapshot.element.binding"
    ],
    "http://hl7.org/fhir/StructureDefinition/elementdefinition-translatable": [
      "StructureDefinition.snapshot.element"
    ],
    "http://hl7.org/fhir/StructureDefinition/patient-birthPlace": [
      "Patient"
    ],
    "http://hl7.org/fhir/StructureDefinition/patient-birthTime": [
      "Patient.birthDate"
    ],
    "http://hl7.org/fhir/StructureDefinition/patient-nationality": [
      "Patient"
    ],
    "http://hl7.org/fhir/StructureDefinition/regex": [
      "StructureDefinition.snapshot.element.type"
    ],
    "http://hl7.org/fhir/StructureDefinition/structuredefinition-explicit-type-name": [
      "StructureDefinition.snapshot.element"
    ],
    "http://hl7.org/fhir/StructureDefinition/structuredefinition-fhir-type": [
      "StructureDefinition.snapshot.element.type"
    ],
    "http://hl7.org/fhir/StructureDefinition/structuredefinition-hierarchy": [
      "StructureDefinition.snapshot.element.type"
    ],
    "http://hl7.org/fhir/StructureDefinition/structuredefinition-standards-status": [
      "StructureDefinition.snapshot.element"
    ],
    "http://hl7.org/fhir/tools/StructureDefinition/ig-parameter": [
      "ImplementationGuide.definition"
    ],
    "http://hl7.org/fhir/tools/StructureDefinition/resource-information": [
      "ImplementationGuide.definition.resource"
    ]
  }
}