<?xml version="1.0" encoding="UTF-8"?>

<ValueSet xmlns="http://hl7.org/fhir">
  <id value="be-beproductorservice"/>
  <text>
    <status value="generated"/><div xmlns="http://www.w3.org/1999/xhtml"><h2>ValueSet productor service</h2><div><p>NIHDI codes for use to describe eAgreement products or services in the MyCareNet eAgreement flows.</p>
</div><ul><li>Include all codes defined in <a href="CodeSystem-nihdi-legal-physiotherapy-fa.html"><code>https://www.ehealth.fgov.be/standards/fhir/CodeSystem/nihdi-legal-physiotherapy-fa</code></a></li></ul></div>
  </text>
  <url value="https://www.ehealth.fgov.be/standards/fhir/ValueSet/be-beproductorservice"/>
  <version value="1.1.0"/>
  <name value="BeProductorServiceNihdiEAgreement"/>
  <title value="ValueSet productor service"/>
  <status value="active"/>
  <date value="2020-04-24T08:49:07+02:00"/>
  <publisher value="eHealth Platform"/>
  <contact>
    <name value="Etienne Cantineau"/>
    <telecom>
      <system value="email"/>
      <value value="etienne.cantineau@ehealth.fgov.be"/>
    </telecom>
  </contact>
  <description value="NIHDI codes for use to describe eAgreement products or services in the MyCareNet eAgreement flows."/>
  <compose>
    <include>
      <system value="https://www.ehealth.fgov.be/standards/fhir/CodeSystem/nihdi-legal-physiotherapy-fa"/>
    </include>
  </compose>
</ValueSet>