<?xml version="1.0" encoding="UTF-8"?>

<ValueSet xmlns="http://hl7.org/fhir">
  <id value="be-civilstate"/>
  <text>
    <status value="generated"/><div xmlns="http://www.w3.org/1999/xhtml"><h2>ValueSet civil state</h2><div><p>Codes supported by eHealth Platform differentiating types of civil state. This valueset supports the Belgian federal FHIR profiling effort.
Whenever possible add a code from http://terminology.hl7.org/CodeSystem/v3-MaritalStatus for international interoperability but also use https://www.ehealth.fgov.be/standards/fhir/CodeSystem/CD-CIVILSTATE
for the Belgian specific code.</p>
</div><ul><li>Include codes from <a href="http://hl7.org/fhir/R4/v3/MaritalStatus/cs.html"><code>http://terminology.hl7.org/CodeSystem/v3-MaritalStatus</code></a> where concept  is-a  <a href="http://hl7.org/fhir/R4/v3/MaritalStatus/cs.html#v3-MaritalStatus-A">A</a></li><li>Include codes from <a href="http://hl7.org/fhir/R4/v3/MaritalStatus/cs.html"><code>http://terminology.hl7.org/CodeSystem/v3-MaritalStatus</code></a> where concept  is-a  <a href="http://hl7.org/fhir/R4/v3/MaritalStatus/cs.html#v3-MaritalStatus-D">D</a></li><li>Include codes from <a href="http://hl7.org/fhir/R4/v3/MaritalStatus/cs.html"><code>http://terminology.hl7.org/CodeSystem/v3-MaritalStatus</code></a> where concept  is-a  <a href="http://hl7.org/fhir/R4/v3/MaritalStatus/cs.html#v3-MaritalStatus-M">M</a></li><li>Include codes from <a href="http://hl7.org/fhir/R4/v3/MaritalStatus/cs.html"><code>http://terminology.hl7.org/CodeSystem/v3-MaritalStatus</code></a> where concept  is-a  <a href="http://hl7.org/fhir/R4/v3/MaritalStatus/cs.html#v3-MaritalStatus-U">U</a></li><li>Include codes from <a href="http://hl7.org/fhir/R4/v3/MaritalStatus/cs.html"><code>http://terminology.hl7.org/CodeSystem/v3-MaritalStatus</code></a> where concept  is-a  <a href="http://hl7.org/fhir/R4/v3/MaritalStatus/cs.html#v3-MaritalStatus-W">W</a></li><li>Include all codes defined in <a href="CodeSystem-cd-civilstate.html"><code>https://www.ehealth.fgov.be/standards/fhir/CodeSystem/cd-civilstate</code></a></li></ul><p>This value set includes codes based on the following rules:</p></div>
  </text>
  <url value="https://www.ehealth.fgov.be/standards/fhir/ValueSet/be-civilstate"/>
  <version value="1.1.0"/>
  <name value="BeCivilState"/>
  <title value="ValueSet civil state"/>
  <status value="active"/>
  <date value="2020-04-27T09:33:05+02:00"/>
  <publisher value="eHealth Platform"/>
  <contact>
    <name value="Etienne Cantineau"/>
    <telecom>
      <system value="email"/>
      <value value="etienne.cantineau@ehealth.fgov.be"/>
    </telecom>
  </contact>
  <description value="Codes supported by eHealth Platform differentiating types of civil state. This valueset supports the Belgian federal FHIR profiling effort. &#xA;Whenever possible add a code from http://terminology.hl7.org/CodeSystem/v3-MaritalStatus for international interoperability but also use https://www.ehealth.fgov.be/standards/fhir/CodeSystem/CD-CIVILSTATE &#xA;for the Belgian specific code."/>
  <compose>
    <include>
      <system value="http://terminology.hl7.org/CodeSystem/v3-MaritalStatus"/>
      <filter>
        <property value="concept"/>
        <op value="is-a"/>
        <value value="A"/>
      </filter>
    </include>
    <include>
      <system value="http://terminology.hl7.org/CodeSystem/v3-MaritalStatus"/>
      <filter>
        <property value="concept"/>
        <op value="is-a"/>
        <value value="D"/>
      </filter>
    </include>
    <include>
      <system value="http://terminology.hl7.org/CodeSystem/v3-MaritalStatus"/>
      <filter>
        <property value="concept"/>
        <op value="is-a"/>
        <value value="M"/>
      </filter>
    </include>
    <include>
      <system value="http://terminology.hl7.org/CodeSystem/v3-MaritalStatus"/>
      <filter>
        <property value="concept"/>
        <op value="is-a"/>
        <value value="U"/>
      </filter>
    </include>
    <include>
      <system value="http://terminology.hl7.org/CodeSystem/v3-MaritalStatus"/>
      <filter>
        <property value="concept"/>
        <op value="is-a"/>
        <value value="W"/>
      </filter>
    </include>
    <include>
      <system value="https://www.ehealth.fgov.be/standards/fhir/CodeSystem/cd-civilstate"/>
    </include>
  </compose>
</ValueSet>