{"resourceType":"CodeSystem","id":"cd-hcparty","text":{"status":"generated","div":"<div xmlns=\"http://www.w3.org/1999/xhtml\"><h2>CodeSystem CD-HCPARTY</h2><div><p>healthcare party in Belgium.</p>\n</div><p>This code system https://www.ehealth.fgov.be/standards/fhir/CodeSystem/cd-hcparty defines the following codes:</p><table class=\"codes\"><tr><td style=\"white-space:nowrap\"><b>Code</b></td><td><b>Display</b></td><td><b>Definition</b></td></tr><tr><td style=\"white-space:nowrap\">persphysician<a name=\"cd-hcparty-persphysician\"> </a></td><td>persphysician</td><td/></tr><tr><td style=\"white-space:nowrap\">orghospital<a name=\"cd-hcparty-orghospital\"> </a></td><td>orghospital</td><td/></tr></table></div>"},"url":"https://www.ehealth.fgov.be/standards/fhir/CodeSystem/cd-hcparty","version":"1.1.0","name":"Cdhcparty","title":"CodeSystem CD-HCPARTY","status":"active","date":"2020-05-05T08:12:52+02:00","publisher":"eHealth Platform","contact":[{"name":"Message structure","telecom":[{"system":"email","value":"message-structure@ehealth.fgov.be"}]}],"description":"healthcare party in Belgium.","content":"complete","concept":[{"code":"persphysician","display":"persphysician"},{"code":"orghospital","display":"orghospital"}]}