{"resourceType":"CodeSystem","id":"cd-civilstate","text":{"status":"generated","div":"<div xmlns=\"http://www.w3.org/1999/xhtml\"><h2>CodeSystem CD-CIVILSTATE</h2><div><p>Civil state in Belgium.</p>\n</div><p>This code system https://www.ehealth.fgov.be/standards/fhir/CodeSystem/cd-civilstate defines the following codes:</p><table class=\"codes\"><tr><td style=\"white-space:nowrap\"><b>Code</b></td><td><b>Display</b></td><td><b>Definition</b></td></tr><tr><td style=\"white-space:nowrap\">10<a name=\"cd-civilstate-10\"> </a></td><td>Unmarried</td><td/></tr><tr><td style=\"white-space:nowrap\">20<a name=\"cd-civilstate-20\"> </a></td><td>Married</td><td/></tr><tr><td style=\"white-space:nowrap\">25<a name=\"cd-civilstate-25\"> </a></td><td>Annuled</td><td/></tr><tr><td style=\"white-space:nowrap\">26<a name=\"cd-civilstate-26\"> </a></td><td>Putative marriage</td><td/></tr><tr><td style=\"white-space:nowrap\">30<a name=\"cd-civilstate-30\"> </a></td><td>Widowed</td><td/></tr><tr><td style=\"white-space:nowrap\">40<a name=\"cd-civilstate-40\"> </a></td><td>Divorced</td><td/></tr><tr><td style=\"white-space:nowrap\">41<a name=\"cd-civilstate-41\"> </a></td><td>Divorced since 1/10/1994</td><td/></tr><tr><td style=\"white-space:nowrap\">50<a name=\"cd-civilstate-50\"> </a></td><td>Legal separation</td><td/></tr><tr><td style=\"white-space:nowrap\">51<a name=\"cd-civilstate-51\"> </a></td><td>Legal separation since 1/10/1994</td><td/></tr><tr><td style=\"white-space:nowrap\">60<a name=\"cd-civilstate-60\"> </a></td><td>Repudiation</td><td/></tr><tr><td style=\"white-space:nowrap\">80<a name=\"cd-civilstate-80\"> </a></td><td>Partnership</td><td/></tr><tr><td style=\"white-space:nowrap\">81<a name=\"cd-civilstate-81\"> </a></td><td>End of partnership</td><td/></tr></table></div>"},"url":"https://www.ehealth.fgov.be/standards/fhir/CodeSystem/cd-civilstate","version":"1.0.0","name":"Cdcivilstate","title":"CodeSystem CD-CIVILSTATE","status":"active","date":"2020-04-07T11:40:20+02:00","publisher":"eHealth Platform","contact":[{"name":"Etienne Cantineau","telecom":[{"system":"email","value":"etienne.cantineau@ehealth.fgov.be"}]}],"description":"Civil state in Belgium.","content":"complete","concept":[{"code":"10","display":"Unmarried"},{"code":"20","display":"Married"},{"code":"25","display":"Annuled"},{"code":"26","display":"Putative marriage"},{"code":"30","display":"Widowed"},{"code":"40","display":"Divorced"},{"code":"41","display":"Divorced since 1/10/1994"},{"code":"50","display":"Legal separation"},{"code":"51","display":"Legal separation since 1/10/1994"},{"code":"60","display":"Repudiation"},{"code":"80","display":"Partnership"},{"code":"81","display":"End of partnership"}]}