{"resourceType":"CodeSystem","id":"message-events","text":{"status":"generated","div":"<div xmlns=\"http://www.w3.org/1999/xhtml\"><h2>CodeSystem message events</h2><div><p>Message events for MyCareNet flows.Not all codes are defined here, a full list can be found on mycarenet.be</p>\n</div><p>This code system https://www.ehealth.fgov.be/standards/fhir/CodeSystem/message-events defines the following codes:</p><table class=\"codes\"><tr><td style=\"white-space:nowrap\"><b>Code</b></td><td><b>Display</b></td><td><b>Definition</b></td></tr><tr><td style=\"white-space:nowrap\">claim-ask<a name=\"message-events-claim-ask\"> </a></td><td>claim-ask</td><td/></tr></table></div>"},"url":"https://www.ehealth.fgov.be/standards/fhir/CodeSystem/message-events","version":"1.1.0","name":"MyCareNetMessageEvents","title":"CodeSystem message events","status":"active","date":"2020-04-21T09:51:51+02:00","publisher":"eHealth Platform","contact":[{"name":"Etienne Cantineau","telecom":[{"system":"email","value":"etienne.cantineau@ehealth.fgov.be"}]}],"description":"Message events for MyCareNet flows.Not all codes are defined here, a full list can be found on mycarenet.be","content":"complete","concept":[{"code":"claim-ask","display":"claim-ask"}]}