{"resourceType":"ImplementationGuide","id":"BeCoreImplementationGuide","text":{"status":"generated","div":"<div xmlns=\"http://www.w3.org/1999/xhtml\"><h2>TheCoreBelgianFederalFHIRProfiles</h2><p>The official URL for this implementation guide is: </p><pre>https://www.ehealth.fgov.be/standards/fhir/ImplementationGuide/BeCoreImplementationGuide</pre><div><p>The Core Belgian Profiles provide the essential and common requirement for FHIR implementations in Belgium.</p>\n</div></div>"},"url":"https://www.ehealth.fgov.be/standards/fhir/ImplementationGuide/BeCoreImplementationGuide","version":"1.0.0","name":"TheCoreBelgianFederalFHIRProfiles","title":"The Core Belgian Federal FHIR Profiles","status":"active","date":"2020-04-07T11:29:50+02:00","publisher":"eHealth Platform","contact":[{"name":"Etienne Cantineau","telecom":[{"system":"email","value":"etienne.cantineau@ehealth.fgov.be"}]}],"description":"The Core Belgian Profiles provide the essential and common requirement for FHIR implementations in Belgium.","packageId":"BeCoreImplementationGuide","license":"CC0-1.0","fhirVersion":["4.0.1"],"definition":{"extension":[{"extension":[{"url":"code","valueString":"copyrightyear"},{"url":"value","valueString":"2020+"}],"url":"http://hl7.org/fhir/tools/StructureDefinition/ig-parameter"},{"extension":[{"url":"code","valueString":"releaselabel"},{"url":"value","valueString":"CI Build"}],"url":"http://hl7.org/fhir/tools/StructureDefinition/ig-parameter"},{"extension":[{"url":"code","valueString":"show-inherited-invariants"},{"url":"value","valueString":"false"}],"url":"http://hl7.org/fhir/tools/StructureDefinition/ig-parameter"},{"extension":[{"url":"code","valueString":"path-liquid"},{"url":"value","valueString":"template/liquid"}],"url":"http://hl7.org/fhir/tools/StructureDefinition/ig-parameter"},{"extension":[{"url":"code","valueString":"path-liquid"},{"url":"value","valueString":"input/liquid"}],"url":"http://hl7.org/fhir/tools/StructureDefinition/ig-parameter"},{"extension":[{"url":"code","valueString":"path-qa"},{"url":"value","valueString":"temp/qa"}],"url":"http://hl7.org/fhir/tools/StructureDefinition/ig-parameter"},{"extension":[{"url":"code","valueString":"path-temp"},{"url":"value","valueString":"temp/pages"}],"url":"http://hl7.org/fhir/tools/StructureDefinition/ig-parameter"},{"extension":[{"url":"code","valueString":"path-output"},{"url":"value","valueString":"output"}],"url":"http://hl7.org/fhir/tools/StructureDefinition/ig-parameter"},{"extension":[{"url":"code","valueString":"path-suppressed-warnings"},{"url":"value","valueString":"input/ignoreWarnings.txt"}],"url":"http://hl7.org/fhir/tools/StructureDefinition/ig-parameter"},{"extension":[{"url":"code","valueString":"path-history"},{"url":"value","valueString":"https://www.ehealth.fgov.be/standards/fhir/history.html"}],"url":"http://hl7.org/fhir/tools/StructureDefinition/ig-parameter"},{"extension":[{"url":"code","valueString":"template-html"},{"url":"value","valueString":"template-page.html"}],"url":"http://hl7.org/fhir/tools/StructureDefinition/ig-parameter"},{"extension":[{"url":"code","valueString":"template-md"},{"url":"value","valueString":"template-page-md.html"}],"url":"http://hl7.org/fhir/tools/StructureDefinition/ig-parameter"},{"extension":[{"url":"code","valueString":"apply-contact"},{"url":"value","valueString":"true"}],"url":"http://hl7.org/fhir/tools/StructureDefinition/ig-parameter"},{"extension":[{"url":"code","valueString":"apply-context"},{"url":"value","valueString":"true"}],"url":"http://hl7.org/fhir/tools/StructureDefinition/ig-parameter"},{"extension":[{"url":"code","valueString":"apply-copyright"},{"url":"value","valueString":"true"}],"url":"http://hl7.org/fhir/tools/StructureDefinition/ig-parameter"},{"extension":[{"url":"code","valueString":"apply-jurisdiction"},{"url":"value","valueString":"true"}],"url":"http://hl7.org/fhir/tools/StructureDefinition/ig-parameter"},{"extension":[{"url":"code","valueString":"apply-license"},{"url":"value","valueString":"true"}],"url":"http://hl7.org/fhir/tools/StructureDefinition/ig-parameter"},{"extension":[{"url":"code","valueString":"apply-publisher"},{"url":"value","valueString":"true"}],"url":"http://hl7.org/fhir/tools/StructureDefinition/ig-parameter"},{"extension":[{"url":"code","valueString":"apply-version"},{"url":"value","valueString":"true"}],"url":"http://hl7.org/fhir/tools/StructureDefinition/ig-parameter"},{"extension":[{"url":"code","valueString":"active-tables"},{"url":"value","valueString":"true"}],"url":"http://hl7.org/fhir/tools/StructureDefinition/ig-parameter"}],"grouping":[{"id":"_str_profile","name":"Structures: Resource Profiles","description":"These define constraints on FHIR resources that need to be complied with by conformant implementations"},{"id":"_str_datatype","name":"Structures: Data Type Profiles","description":"These define constraints on FHIR data types that need to be complied with by conformant implementations"},{"id":"_term_valueset","name":"Terminology: Value Sets","description":"These define sets of codes used by systems conforming with this implementation guide"},{"id":"_term_codesystem","name":"Terminology: Code Systems","description":"These define new code systems used by systems conforming with this implementation guide"},{"id":"_ex_example","name":"Example: Example Instances","description":"These are example instances that show what data produced and consumed by systems conforming with this implementation guide might look like"}],"resource":[{"extension":[{"url":"http://hl7.org/fhir/StructureDefinition/implementationguide-page","valueUri":"StructureDefinition-be-address.html"}],"reference":{"reference":"StructureDefinition/be-address"},"name":"Address core BE profile","description":"Belgain federal profile on address, to provide the possibility in the 'line' element to provide a seperate streetname, housenumber and postal box. It is always RECOMMENDED to give these elements seperately.","exampleBoolean":false,"groupingId":"_str_datatype"},{"extension":[{"url":"http://hl7.org/fhir/StructureDefinition/implementationguide-page","valueUri":"StructureDefinition-be-mycarenetclaim.html"}],"reference":{"reference":"StructureDefinition/be-mycarenetclaim"},"name":"My CareNet Claim BE profile","description":"Claim profile for use in the different eAgreement flow from MyCareNet.","exampleBoolean":false,"groupingId":"_str_profile"},{"extension":[{"url":"http://hl7.org/fhir/StructureDefinition/implementationguide-page","valueUri":"StructureDefinition-be-mycareneteagreementdemand.html"}],"reference":{"reference":"StructureDefinition/be-mycareneteagreementdemand"},"name":"My CareNet eAgreement Demand Bundle BE profile","description":"The profile for the demand for an agreement.","exampleBoolean":false,"groupingId":"_str_profile"},{"extension":[{"url":"http://hl7.org/fhir/StructureDefinition/implementationguide-page","valueUri":"StructureDefinition-be-mycareneteagreementmessageheader.html"}],"reference":{"reference":"StructureDefinition/be-mycareneteagreementmessageheader"},"name":"My CareNet eAgreement MessageHeader BE profile","description":"This is the generic MessageHeader profile for use in the different eAgreement flows from MyCareNet.","exampleBoolean":false,"groupingId":"_str_profile"},{"extension":[{"url":"http://hl7.org/fhir/StructureDefinition/implementationguide-page","valueUri":"StructureDefinition-be-organization.html"}],"reference":{"reference":"StructureDefinition/be-organization"},"name":"Organization core BE profile","description":"Belgian federal profile for an organization. Initially based on the functional description of the NIHDI.","exampleBoolean":false,"groupingId":"_str_profile"},{"extension":[{"url":"http://hl7.org/fhir/StructureDefinition/implementationguide-page","valueUri":"StructureDefinition-be-patient.html"}],"reference":{"reference":"StructureDefinition/be-patient"},"name":"Patient core BE profile","description":"Belgian federal profile for a patient. Initially based on the functional description of the NIHDI. Special remarks for KMEHR users: following elements in KMEHR are not available in this FHIR resource. \nIf needed, an extension can be defined in a future iteration of these specifications: the 'deathlocation' (location is not available but the death of the patient is expressed by either date or Boolean cfr. infra.),\nthe 'insurancystatus' (covered in a seperate FHIR resource: Coverage), 'insurancymembership' (covered in a seperate FHIR resource: Coverage) and 'profession' (covered in a possible future FHIR resource: OccupationalData.)","exampleBoolean":false,"groupingId":"_str_profile"},{"extension":[{"url":"http://hl7.org/fhir/StructureDefinition/implementationguide-page","valueUri":"StructureDefinition-be-practitioner.html"}],"reference":{"reference":"StructureDefinition/be-practitioner"},"name":"Practitioner core BE profile","description":"Belgian federal profile for a practitioner. Initially based on the functional description of the NIHDI.","exampleBoolean":false,"groupingId":"_str_profile"},{"extension":[{"url":"http://hl7.org/fhir/StructureDefinition/implementationguide-page","valueUri":"StructureDefinition-be-practitionerrole.html"}],"reference":{"reference":"StructureDefinition/be-practitionerrole"},"name":"Practitioner Role core BE profile","description":"Belgian federal profile for a practitioner role. Initially based on the functional description of the NIHDI.","exampleBoolean":false,"groupingId":"_str_profile"},{"extension":[{"url":"http://hl7.org/fhir/StructureDefinition/implementationguide-page","valueUri":"ValueSet-be-civilstate.html"}],"reference":{"reference":"ValueSet/be-civilstate"},"name":"ValueSet civil state","description":"Codes supported by eHealth Platform differentiating types of civil state. This valueset supports the Belgian federal FHIR profiling effort. \nWhenever possible add a code from http://terminology.hl7.org/CodeSystem/v3-MaritalStatus for international interoperability but also use https://www.ehealth.fgov.be/standards/fhir/CodeSystem/CD-CIVILSTATE \nfor the Belgian specific code.","exampleBoolean":false,"groupingId":"_term_valueset"},{"extension":[{"url":"http://hl7.org/fhir/StructureDefinition/implementationguide-page","valueUri":"ValueSet-be-contactperson.html"}],"reference":{"reference":"ValueSet/be-contactperson"},"name":"ValueSet contact person","description":"Maximum valuest to define category of a contact person, using the HL7 values and the Belgian CD-CONTACT-PERSON values.","exampleBoolean":false,"groupingId":"_term_valueset"},{"extension":[{"url":"http://hl7.org/fhir/StructureDefinition/implementationguide-page","valueUri":"ValueSet-be-beproductorservice.html"}],"reference":{"reference":"ValueSet/be-beproductorservice"},"name":"ValueSet productor service","description":"NIHDI codes for use to describe eAgreement products or services in the MyCareNet eAgreement flows.","exampleBoolean":false,"groupingId":"_term_valueset"},{"extension":[{"url":"http://hl7.org/fhir/StructureDefinition/implementationguide-page","valueUri":"CodeSystem-cd-civilstate.html"}],"reference":{"reference":"CodeSystem/cd-civilstate"},"name":"CodeSystem CD-CIVILSTATE","description":"Civil state in Belgium.","exampleBoolean":false,"groupingId":"_term_codesystem"},{"extension":[{"url":"http://hl7.org/fhir/StructureDefinition/implementationguide-page","valueUri":"CodeSystem-cd-contact-person.html"}],"reference":{"reference":"CodeSystem/cd-contact-person"},"name":"CodeSystem CD-CONTACT-PERSON","description":"Contact person","exampleBoolean":false,"groupingId":"_term_codesystem"},{"extension":[{"url":"http://hl7.org/fhir/StructureDefinition/implementationguide-page","valueUri":"CodeSystem-nihdi-legal-physiotherapy-fa.html"}],"reference":{"reference":"CodeSystem/nihdi-legal-physiotherapy-fa"},"name":"CodeSystem NIHDILegalPhysiotherapyFa","description":"Legal pathology codes as defined by NIHDI to be used in the pathology registration flows of MyCareNet. These values are managed by NIHDI. \r\n\tThe codes are not defined here. Consult the cookbooks on mycarenet.be for concrete usage intstrcutions.","exampleBoolean":false,"groupingId":"_term_codesystem"},{"extension":[{"url":"http://hl7.org/fhir/StructureDefinition/implementationguide-page","valueUri":"Claim-bemycarenetclaim1.html"}],"reference":{"reference":"Claim/bemycarenetclaim1"},"name":"BeMyCareNetClaim 1","description":"BeMyCareNetClaim 1","exampleCanonical":"https://www.ehealth.fgov.be/standards/fhir/StructureDefinition/be-mycarenetclaim","groupingId":"_ex_example"},{"extension":[{"url":"http://hl7.org/fhir/StructureDefinition/implementationguide-page","valueUri":"MessageHeader-bemycareneteagreementmessageheader1.html"}],"reference":{"reference":"MessageHeader/bemycareneteagreementmessageheader1"},"name":"BeMyCareNetEAgreementMessageHeader 1","description":"BeMyCareNetEAgreementMessageHeader 1","exampleCanonical":"https://www.ehealth.fgov.be/standards/fhir/StructureDefinition/be-mycareneteagreementmessageheader","groupingId":"_ex_example"},{"extension":[{"url":"http://hl7.org/fhir/StructureDefinition/implementationguide-page","valueUri":"Patient-patient1.html"}],"reference":{"reference":"Patient/patient1"},"name":"Patient 1","description":"Patient 1","exampleCanonical":"https://www.ehealth.fgov.be/standards/fhir/StructureDefinition/be-patient","groupingId":"_ex_example"}],"page":{"nameUrl":"toc.html","title":"Table of Contents","generation":"html","page":[{"nameUrl":"index.html","title":"Home","generation":"html"},{"nameUrl":"changes.html","title":"Changes","generation":"html"},{"nameUrl":"conventions.html","title":"Conventions","generation":"markdown"},{"nameUrl":"downloads.html","title":"Downloads","generation":"html"},{"nameUrl":"guidance.html","title":"Guidance","generation":"html"},{"nameUrl":"artifacts.html","title":"Artifacts Summary","generation":"html","page":[{"nameUrl":"StructureDefinition-be-mycarenetclaim.html","title":"My CareNet Claim BE profile","generation":"generated"},{"nameUrl":"StructureDefinition-be-mycareneteagreementdemand.html","title":"My CareNet eAgreement Demand Bundle BE profile","generation":"generated"},{"nameUrl":"StructureDefinition-be-mycareneteagreementmessageheader.html","title":"My CareNet eAgreement MessageHeader BE profile","generation":"generated"},{"nameUrl":"StructureDefinition-be-organization.html","title":"Organization core BE profile","generation":"generated"},{"nameUrl":"StructureDefinition-be-patient.html","title":"Patient core BE profile","generation":"generated"},{"nameUrl":"StructureDefinition-be-practitioner.html","title":"Practitioner core BE profile","generation":"generated"},{"nameUrl":"StructureDefinition-be-practitionerrole.html","title":"Practitioner Role core BE profile","generation":"generated"},{"nameUrl":"StructureDefinition-be-address.html","title":"Address core BE profile","generation":"generated"},{"nameUrl":"ValueSet-be-civilstate.html","title":"ValueSet civil state","generation":"generated"},{"nameUrl":"ValueSet-be-contactperson.html","title":"ValueSet contact person","generation":"generated"},{"nameUrl":"ValueSet-be-beproductorservice.html","title":"ValueSet productor service","generation":"generated"},{"nameUrl":"CodeSystem-cd-civilstate.html","title":"CodeSystem CD-CIVILSTATE","generation":"generated"},{"nameUrl":"CodeSystem-cd-contact-person.html","title":"CodeSystem CD-CONTACT-PERSON","generation":"generated"},{"nameUrl":"CodeSystem-nihdi-legal-physiotherapy-fa.html","title":"CodeSystem NIHDILegalPhysiotherapyFa","generation":"generated"},{"nameUrl":"Claim-bemycarenetclaim1.html","title":"BeMyCareNetClaim 1","generation":"generated"},{"nameUrl":"MessageHeader-bemycareneteagreementmessageheader1.html","title":"BeMyCareNetEAgreementMessageHeader 1","generation":"generated"},{"nameUrl":"Patient-patient1.html","title":"Patient 1","generation":"generated"}]}]},"parameter":[{"code":"path-resource","value":"input/capabilities"},{"code":"path-resource","value":"input/examples"},{"code":"path-resource","value":"input/extensions"},{"code":"path-resource","value":"input/models"},{"code":"path-resource","value":"input/operations"},{"code":"path-resource","value":"input/profiles"},{"code":"path-resource","value":"input/resources"},{"code":"path-resource","value":"input/vocabulary"},{"code":"path-resource","value":"input/maps"},{"code":"path-pages","value":"template/config"},{"code":"path-pages","value":"input/images"},{"code":"path-tx-cache","value":"input-cache/txcache"}]}}