{"resourceType":"ValueSet","id":"be-beproductorservice-value-set","text":{"status":"generated","div":"<div xmlns=\"http://www.w3.org/1999/xhtml\"><h2>ValueSet productor service</h2><div><p>NIHDI codes for use to describe eAgreement products or services in the MyCareNet eAgreement flows.</p>\n</div><ul><li>Include all codes defined in <a href=\"NIHDILegalPhysiotherapyFa.html\"><code>https://www.ehealth.fgov.be/standards/fhir/CodeSystem/NIHDILegalPhysiotherapyFa</code></a></li></ul></div>"},"url":"https://www.ehealth.fgov.be/standards/fhir/ValueSet/be-beproductorservice-value-set","version":"0.1.0","name":"BeProductorServiceNihdiEAgreement","title":"ValueSet productor service","status":"active","date":"2020-03-31T08:44:59+02:00","publisher":"eHealth Platform","contact":[{"name":"Etienne Cantineau","telecom":[{"system":"email","value":"etienne.cantineau@ehealth.fgov.be"}]}],"description":"NIHDI codes for use to describe eAgreement products or services in the MyCareNet eAgreement flows.","compose":{"include":[{"system":"https://www.ehealth.fgov.be/standards/fhir/CodeSystem/NIHDILegalPhysiotherapyFa"}]}}