{"resourceType":"ValueSet","id":"be-exposureroute","text":{"status":"generated","div":"<div xmlns=\"http://www.w3.org/1999/xhtml\"><h2>ValueSet exposureroute</h2><div><p>Codes to illustrate differentiating types of exposure route. This valueset supports the Belgian federal FHIR profiling effort.</p>\n</div><ul/><p>This value set includes codes based on the following rules:</p></div>"},"url":"https://www.ehealth.fgov.be/standards/fhir/ValueSet/be-exposureroute","version":"1.1.0","name":"BeExposureRoute","title":"ValueSet exposureroute","status":"active","date":"2020-04-27T11:01:37+02:00","publisher":"eHealth Platform","contact":[{"name":"Etienne Cantineau","telecom":[{"system":"email","value":"etienne.cantineau@ehealth.fgov.be"}]}],"description":"Codes to illustrate differentiating types of exposure route. This valueset supports the Belgian federal FHIR profiling effort."}