{"resourceType":"ValueSet","id":"be-allergyintolerancecode","text":{"status":"generated","div":"<div xmlns=\"http://www.w3.org/1999/xhtml\"><h2>ValueSet allergy intolerance code</h2><div><p>Codes as communicated by NIHDI and the FOD Terminology Center differentiating types of allergy intolerance codes. This valueset supports the Belgian federal FHIR profiling effort.</p>\n</div><ul><li>Include all codes defined in <code>https://www.ehealth.fgov.be/standards/fhir/ValueSet/be-causativeagent</code></li><li>Include all codes defined in <code>https://www.ehealth.fgov.be/standards/fhir/ValueSet/be-noallergy</code></li></ul><p>This value set includes codes based on the following rules:</p></div>"},"url":"https://www.ehealth.fgov.be/standards/fhir/ValueSet/be-allergyintolerancecode","version":"1.1.0","name":"BeAllergyIntoleranceCode","title":"ValueSet allergy intolerance code","status":"active","date":"2020-04-29T09:17:16+02:00","publisher":"eHealth Platform","contact":[{"name":"Etienne Cantineau","telecom":[{"system":"email","value":"etienne.cantineau@ehealth.fgov.be"}]}],"description":"Codes as communicated by NIHDI and the FOD Terminology Center differentiating types of allergy intolerance codes. This valueset supports the Belgian federal FHIR profiling effort.","compose":{"include":[{"system":"https://www.ehealth.fgov.be/standards/fhir/ValueSet/be-causativeagent"},{"system":"https://www.ehealth.fgov.be/standards/fhir/ValueSet/be-noallergy"}]}}