{
  "resourceType": "ImplementationGuide",
  "id": "BeCoreImplementationGuide",
  "text": {
    "status": "generated",
    "div": "<div xmlns=\"http://www.w3.org/1999/xhtml\"><h2>BeCoreImplementationGuide</h2><p>The official URL for this implementation guide is: </p><pre>https://www.ehealth.fgov.be/standards/fhir/ImplementationGuide/BeCoreImplementationGuide</pre><div><p>The Core Belgian Profiles provide the essential and common requirement for FHIR implementations in Belgium.</p>\n</div></div>"
  },
  "url": "https://www.ehealth.fgov.be/standards/fhir/ImplementationGuide/BeCoreImplementationGuide",
  "version": "1.0.0",
  "name": "BeCoreImplementationGuide",
  "title": "BeCoreImplementationGuide",
  "status": "active",
  "date": "2020-04-01T10:07:45+02:00",
  "publisher": "eHealth Platform",
  "contact": [
    {
      "name": "Etienne Cantineau",
      "telecom": [
        {
          "system": "email",
          "value": "etienne.cantineau@ehealth.fgov.be"
        }
      ]
    }
  ],
  "description": "The Core Belgian Profiles provide the essential and common requirement for FHIR implementations in Belgium.",
  "packageId": "BeCoreImplementationGuide",
  "license": "CC0-1.0",
  "fhirVersion": [
    "4.0.1"
  ],
  "definition": {
    "extension": [
      {
        "extension": [
          {
            "url": "code",
            "valueString": "copyrightyear"
          },
          {
            "url": "value",
            "valueString": "2020+"
          }
        ],
        "url": "http://hl7.org/fhir/tools/StructureDefinition/ig-parameter"
      },
      {
        "extension": [
          {
            "url": "code",
            "valueString": "releaselabel"
          },
          {
            "url": "value",
            "valueString": "CI Build"
          }
        ],
        "url": "http://hl7.org/fhir/tools/StructureDefinition/ig-parameter"
      },
      {
        "extension": [
          {
            "url": "code",
            "valueString": "show-inherited-invariants"
          },
          {
            "url": "value",
            "valueString": "false"
          }
        ],
        "url": "http://hl7.org/fhir/tools/StructureDefinition/ig-parameter"
      },
      {
        "extension": [
          {
            "url": "code",
            "valueString": "path-qa"
          },
          {
            "url": "value",
            "valueString": "temp/qa"
          }
        ],
        "url": "http://hl7.org/fhir/tools/StructureDefinition/ig-parameter"
      },
      {
        "extension": [
          {
            "url": "code",
            "valueString": "path-temp"
          },
          {
            "url": "value",
            "valueString": "temp/pages"
          }
        ],
        "url": "http://hl7.org/fhir/tools/StructureDefinition/ig-parameter"
      },
      {
        "extension": [
          {
            "url": "code",
            "valueString": "path-output"
          },
          {
            "url": "value",
            "valueString": "output"
          }
        ],
        "url": "http://hl7.org/fhir/tools/StructureDefinition/ig-parameter"
      },
      {
        "extension": [
          {
            "url": "code",
            "valueString": "path-suppressed-warnings"
          },
          {
            "url": "value",
            "valueString": "input/ignoreWarnings.txt"
          }
        ],
        "url": "http://hl7.org/fhir/tools/StructureDefinition/ig-parameter"
      },
      {
        "extension": [
          {
            "url": "code",
            "valueString": "template-html"
          },
          {
            "url": "value",
            "valueString": "template-page.html"
          }
        ],
        "url": "http://hl7.org/fhir/tools/StructureDefinition/ig-parameter"
      },
      {
        "extension": [
          {
            "url": "code",
            "valueString": "template-md"
          },
          {
            "url": "value",
            "valueString": "template-page-md.html"
          }
        ],
        "url": "http://hl7.org/fhir/tools/StructureDefinition/ig-parameter"
      },
      {
        "extension": [
          {
            "url": "code",
            "valueString": "apply-contact"
          },
          {
            "url": "value",
            "valueString": "true"
          }
        ],
        "url": "http://hl7.org/fhir/tools/StructureDefinition/ig-parameter"
      },
      {
        "extension": [
          {
            "url": "code",
            "valueString": "apply-context"
          },
          {
            "url": "value",
            "valueString": "true"
          }
        ],
        "url": "http://hl7.org/fhir/tools/StructureDefinition/ig-parameter"
      },
      {
        "extension": [
          {
            "url": "code",
            "valueString": "apply-copyright"
          },
          {
            "url": "value",
            "valueString": "true"
          }
        ],
        "url": "http://hl7.org/fhir/tools/StructureDefinition/ig-parameter"
      },
      {
        "extension": [
          {
            "url": "code",
            "valueString": "apply-jurisdiction"
          },
          {
            "url": "value",
            "valueString": "true"
          }
        ],
        "url": "http://hl7.org/fhir/tools/StructureDefinition/ig-parameter"
      },
      {
        "extension": [
          {
            "url": "code",
            "valueString": "apply-license"
          },
          {
            "url": "value",
            "valueString": "true"
          }
        ],
        "url": "http://hl7.org/fhir/tools/StructureDefinition/ig-parameter"
      },
      {
        "extension": [
          {
            "url": "code",
            "valueString": "apply-publisher"
          },
          {
            "url": "value",
            "valueString": "true"
          }
        ],
        "url": "http://hl7.org/fhir/tools/StructureDefinition/ig-parameter"
      },
      {
        "extension": [
          {
            "url": "code",
            "valueString": "apply-version"
          },
          {
            "url": "value",
            "valueString": "true"
          }
        ],
        "url": "http://hl7.org/fhir/tools/StructureDefinition/ig-parameter"
      }
    ],
    "resource": [
      {
        "extension": [
          {
            "url": "http://hl7.org/fhir/tools/StructureDefinition/resource-information",
            "valueString": "StructureDefinition:complex-type"
          },
          {
            "url": "http://hl7.org/fhir/StructureDefinition/implementationguide-page",
            "valueUri": "be-address.html"
          }
        ],
        "reference": {
          "reference": "StructureDefinition/be-address"
        },
        "name": "Address core BE profile",
        "description": "Belgain federal profile on address, to provide the possibility in the 'line' element to provide a seperate streetname, housenumber and postal box. It is always RECOMMENDED to give these elements seperately.",
        "exampleBoolean": false
      },
      {
        "extension": [
          {
            "url": "http://hl7.org/fhir/tools/StructureDefinition/resource-information",
            "valueString": "StructureDefinition:resource"
          },
          {
            "url": "http://hl7.org/fhir/StructureDefinition/implementationguide-page",
            "valueUri": "be-mycarenetclaim.html"
          }
        ],
        "reference": {
          "reference": "StructureDefinition/be-mycarenetclaim"
        },
        "name": "My CareNet Claim BE profile",
        "description": "Claim profile for use in the different eAgreement flow from MyCareNet.",
        "exampleBoolean": false
      },
      {
        "extension": [
          {
            "url": "http://hl7.org/fhir/tools/StructureDefinition/resource-information",
            "valueString": "StructureDefinition:resource"
          },
          {
            "url": "http://hl7.org/fhir/StructureDefinition/implementationguide-page",
            "valueUri": "Be-mycareneteagreementdemand.html"
          }
        ],
        "reference": {
          "reference": "StructureDefinition/Be-mycareneteagreementdemand"
        },
        "name": "My CareNet eAgreement Demand Bundle BE profile",
        "description": "The profile for the demand for an agreement.",
        "exampleBoolean": false
      },
      {
        "extension": [
          {
            "url": "http://hl7.org/fhir/tools/StructureDefinition/resource-information",
            "valueString": "StructureDefinition:resource"
          },
          {
            "url": "http://hl7.org/fhir/StructureDefinition/implementationguide-page",
            "valueUri": "be-mycareneteagreementmessageheader.html"
          }
        ],
        "reference": {
          "reference": "StructureDefinition/be-mycareneteagreementmessageheader"
        },
        "name": "My CareNet eAgreement MessageHeader BE profile",
        "description": "This is the generic MessageHeader profile for use in the different eAgreement flows from MyCareNet.",
        "exampleBoolean": false
      },
      {
        "extension": [
          {
            "url": "http://hl7.org/fhir/tools/StructureDefinition/resource-information",
            "valueString": "StructureDefinition:resource"
          },
          {
            "url": "http://hl7.org/fhir/StructureDefinition/implementationguide-page",
            "valueUri": "be-organization.html"
          }
        ],
        "reference": {
          "reference": "StructureDefinition/be-organization"
        },
        "name": "Organization core BE profile",
        "description": "Belgian federal profile for an organization. Initially based on the functional description of the NIHDI.",
        "exampleBoolean": false
      },
      {
        "extension": [
          {
            "url": "http://hl7.org/fhir/tools/StructureDefinition/resource-information",
            "valueString": "StructureDefinition:resource"
          },
          {
            "url": "http://hl7.org/fhir/StructureDefinition/implementationguide-page",
            "valueUri": "be-patient.html"
          }
        ],
        "reference": {
          "reference": "StructureDefinition/be-patient"
        },
        "name": "Patient core BE profile",
        "description": "Belgian federal profile for a patient. Initially based on the functional description of the NIHDI. Special remarks for KMEHR users: following elements in KMEHR are not available in this FHIR resource. \nIf needed, an extension can be defined in a future iteration of these specifications: the 'deathlocation' (location is not available but the death of the patient is expressed by either date or Boolean cfr. infra.),\nthe 'insurancystatus' (covered in a seperate FHIR resource: Coverage), 'insurancymembership' (covered in a seperate FHIR resource: Coverage) and 'profession' (covered in a possible future FHIR resource: OccupationalData.)",
        "exampleBoolean": false
      },
      {
        "extension": [
          {
            "url": "http://hl7.org/fhir/tools/StructureDefinition/resource-information",
            "valueString": "StructureDefinition:resource"
          },
          {
            "url": "http://hl7.org/fhir/StructureDefinition/implementationguide-page",
            "valueUri": "be-practitioner.html"
          }
        ],
        "reference": {
          "reference": "StructureDefinition/be-practitioner"
        },
        "name": "Practitioner core BE profile",
        "description": "Belgian federal profile for a practitioner. Initially based on the functional description of the NIHDI.",
        "exampleBoolean": false
      },
      {
        "extension": [
          {
            "url": "http://hl7.org/fhir/tools/StructureDefinition/resource-information",
            "valueString": "StructureDefinition:resource"
          },
          {
            "url": "http://hl7.org/fhir/StructureDefinition/implementationguide-page",
            "valueUri": "be-practitionerrole.html"
          }
        ],
        "reference": {
          "reference": "StructureDefinition/be-practitionerrole"
        },
        "name": "Practitioner Role core BE profile",
        "description": "Belgian federal profile for a practitioner role. Initially based on the functional description of the NIHDI.",
        "exampleBoolean": false
      },
      {
        "extension": [
          {
            "url": "http://hl7.org/fhir/tools/StructureDefinition/resource-information",
            "valueString": "ValueSet"
          },
          {
            "url": "http://hl7.org/fhir/StructureDefinition/implementationguide-page",
            "valueUri": "valueset-be-civilstate-value-set.html"
          }
        ],
        "reference": {
          "reference": "ValueSet/be-civilstate-value-set"
        },
        "name": "ValueSet civil state",
        "description": "Codes supported by eHealth Platform differentiating types of civil state. This valueset supports the Belgian federal FHIR profiling effort. \nWhenever possible add a code from http://terminology.hl7.org/CodeSystem/v3-MaritalStatus for international interoperability but also use https://www.ehealth.fgov.be/standards/fhir/CodeSystem/CD-CIVILSTATE \nfor the Belgian specific code.",
        "exampleBoolean": false
      },
      {
        "extension": [
          {
            "url": "http://hl7.org/fhir/tools/StructureDefinition/resource-information",
            "valueString": "ValueSet"
          },
          {
            "url": "http://hl7.org/fhir/StructureDefinition/implementationguide-page",
            "valueUri": "valueset-be-contactperson-value-set.html"
          }
        ],
        "reference": {
          "reference": "ValueSet/be-contactperson-value-set"
        },
        "name": "ValueSet contact person",
        "description": "Maximum valuest to define category of a contact person, using the HL7 values and the Belgian CD-CONTACT-PERSON values.",
        "exampleBoolean": false
      },
      {
        "extension": [
          {
            "url": "http://hl7.org/fhir/tools/StructureDefinition/resource-information",
            "valueString": "ValueSet"
          },
          {
            "url": "http://hl7.org/fhir/StructureDefinition/implementationguide-page",
            "valueUri": "valueset-be-beproductorservice-value-set.html"
          }
        ],
        "reference": {
          "reference": "ValueSet/be-beproductorservice-value-set"
        },
        "name": "ValueSet productor service",
        "description": "NIHDI codes for use to describe eAgreement products or services in the MyCareNet eAgreement flows.",
        "exampleBoolean": false
      },
      {
        "extension": [
          {
            "url": "http://hl7.org/fhir/tools/StructureDefinition/resource-information",
            "valueString": "CodeSystem"
          },
          {
            "url": "http://hl7.org/fhir/StructureDefinition/implementationguide-page",
            "valueUri": "Cdcivilstate.html"
          }
        ],
        "reference": {
          "reference": "CodeSystem/Cdcivilstate"
        },
        "name": "CodeSystem CD-CIVILSTATE",
        "description": "Civil state in Belgium.",
        "exampleBoolean": false
      },
      {
        "extension": [
          {
            "url": "http://hl7.org/fhir/tools/StructureDefinition/resource-information",
            "valueString": "CodeSystem"
          },
          {
            "url": "http://hl7.org/fhir/StructureDefinition/implementationguide-page",
            "valueUri": "Cdcontactperson.html"
          }
        ],
        "reference": {
          "reference": "CodeSystem/Cdcontactperson"
        },
        "name": "CodeSystem CD-CONTACTPERSON",
        "description": "Contact person",
        "exampleBoolean": false
      },
      {
        "extension": [
          {
            "url": "http://hl7.org/fhir/tools/StructureDefinition/resource-information",
            "valueString": "CodeSystem"
          },
          {
            "url": "http://hl7.org/fhir/StructureDefinition/implementationguide-page",
            "valueUri": "NIHDILegalPhysiotherapyFa.html"
          }
        ],
        "reference": {
          "reference": "CodeSystem/NIHDILegalPhysiotherapyFa"
        },
        "name": "CodeSystem NIHDILegalPhysiotherapyFa",
        "description": "Legal pathology codes as defined by NIHDI to be used in the pathology registration flows of MyCareNet. These values are managed by NIHDI. \r\n\tThe codes are not defined here. Consult the cookbooks on mycarenet.be for concrete usage intstrcutions.",
        "exampleBoolean": false
      }
    ],
    "page": {
      "nameUrl": "toc.html",
      "title": "Table of Contents",
      "generation": "html",
      "page": [
        {
          "nameUrl": "index.html",
          "title": "Home",
          "generation": "markdown"
        },
        {
          "nameUrl": "downloads.html",
          "title": "Downloads",
          "generation": "markdown"
        },
        {
          "nameUrl": "guidance.html",
          "title": "Guidance",
          "generation": "markdown"
        }
      ]
    },
    "parameter": [
      {
        "code": "path-resource",
        "value": "input/capabilities"
      },
      {
        "code": "path-resource",
        "value": "input/examples"
      },
      {
        "code": "path-resource",
        "value": "input/extensions"
      },
      {
        "code": "path-resource",
        "value": "input/models"
      },
      {
        "code": "path-resource",
        "value": "input/operations"
      },
      {
        "code": "path-resource",
        "value": "input/profiles"
      },
      {
        "code": "path-resource",
        "value": "input/resources"
      },
      {
        "code": "path-resource",
        "value": "input/vocabulary"
      },
      {
        "code": "path-pages",
        "value": "input/pagecontent"
      },
      {
        "code": "path-pages",
        "value": "input/images"
      },
      {
        "code": "path-tx-cache",
        "value": "input-cache/txcache"
      }
    ]
  }
}