{
  "resourceType": "Specimen",
  "id": "specimen4",
  "text": {
    "status": "generated",
    "div": "<div xmlns=\"http://www.w3.org/1999/xhtml\"><p><b>Generated Narrative with Details</b></p><p><b>id</b>: specimen4</p><p><b>identifier</b>: 1</p><p><b>type</b>: Escherichia coli <span style=\"background: LightGoldenRodYellow\">(Details : {SNOMED CT code '112283007' = 'Escherichia coli', given as 'Escherichia coli'})</span></p></div>"
  },
  "identifier": [
    {
      "value": "1"
    }
  ],
  "type": {
    "coding": [
      {
        "system": "http://snomed.info/sct",
        "code": "112283007",
        "display": "Escherichia coli"
      }
    ]
  }
}