{
  "resourceType": "Specimen",
  "id": "specimen1",
  "text": {
    "status": "generated",
    "div": "<div xmlns=\"http://www.w3.org/1999/xhtml\"><p><b>Generated Narrative with Details</b></p><p><b>id</b>: specimen1</p><p><b>identifier</b>: 1</p><p><b>type</b>: Blood specimen <span style=\"background: LightGoldenRodYellow\">(Details : {SNOMED CT code '119297000' = 'Blood specimen', given as 'Blood specimen'})</span></p><p><b>receivedTime</b>: 04-nov.-2015 0:00:00</p><h3>Collections</h3><table class=\"grid\"><tr><td>-</td><td><b>Collected[x]</b></td></tr><tr><td>*</td><td>03-nov.-2015 0:00:00</td></tr></table></div>"
  },
  "identifier": [
    {
      "value": "1"
    }
  ],
  "type": {
    "coding": [
      {
        "system": "http://snomed.info/sct",
        "code": "119297000",
        "display": "Blood specimen"
      }
    ]
  },
  "receivedTime": "2015-11-04",
  "collection": {
    "collectedDateTime": "2015-11-03"
  }
}