{
  "resourceType": "ValueSet",
  "id": "be-noallergy",
  "text": {
    "status": "generated",
    "div": "<div xmlns=\"http://www.w3.org/1999/xhtml\"><h2>ValueSet no allergies</h2><div><p>Codes as communicated by the FOD Terminology Center differentiating types of no allergies. This valueset supports the Belgian federal FHIR profiling effort.</p>\n</div><ul/><p>This value set includes codes based on the following rules:</p></div>"
  },
  "url": "https://www.ehealth.fgov.be/standards/fhir/ValueSet/be-noallergy",
  "version": "1.1.0",
  "name": "BeNoAllergy",
  "title": "ValueSet no allergies",
  "status": "active",
  "date": "2020-04-23T10:38:56+02:00",
  "publisher": "eHealth Platform",
  "contact": [
    {
      "name": "Etienne Cantineau",
      "telecom": [
        {
          "system": "email",
          "value": "etienne.cantineau@ehealth.fgov.be"
        }
      ]
    }
  ],
  "description": "Codes as communicated by the FOD Terminology Center differentiating types of no allergies. This valueset supports the Belgian federal FHIR profiling effort."
}